序號,開標日期,股票代號,CB代號,名稱,股本,發行規模,年期,擔保,信用評等,競拍張數,底標價,截標日,截標收盤,轉換價,訂價溢價率,理論價,最低得標,最低溢價,平均得標,平均溢價,發行券商,產業分類,合格件數,投標張數,投標倍數,投標均張,投標開始日,最高投(得)標數量(張),撥券日,得標總金額,得標手續費率(%),最高得標價格(元),承銷價格(元)
1,2019/3/22,4943,49431,康控一KY,15.7,15,3,無擔保,9,13500,100,2019/3/20,124.5,121.1,1.02,102.81,100.5,-2.2,102.07,-0.7,中信證券,電子零組件業,829,19751,1.46,23.83,2019/3/18,1350,2019/4/2,1377907550,1,159,102.07
2,2019/9/2,4736,47363,泰博三,9.2,15,5,有擔保,4,12752,100,2019/8/7,126,140,1.06,90,107.17,19.1,108.46,20.5,凱基證券,生技醫療業,1559,54356,4.26,34.87,2019/8/5,1275,2019/8/21,1394223850,0.5,140.1,109.33
3,2019/11/4,8028,80281,昇陽一,13.2,10,3,無擔保,6,8732,102,2019/10/31,76.8,76.1,1.02,100.92,108.45,7.5,109.92,8.9,富邦證券,半導體業,1063,31398,3.6,29.54,43767,873,43782,959845890,0.5,136.8,109.92
4,2019/12/2,2729,27291,瓦城一,2.3,8,3,無擔保,5,6880,102,2019/11/28,286,300,1.07,95.33,102.81,7.8,107.3,12.6,富邦證券,觀光餐旅,674,11341,1.65,16.83,43795,688,43810,738203700,0.5,260,107.3
5,2019/12/11,6477,64771,安集一,11.4,3,5,無擔保,6,2550,100,2019/12/9,22.65,23,1.02,98.48,100.51,2.1,101.59,3.2,福邦證券,光電業,187,4116,1.61,22.01,2019/12/5,255,2019/12/20,259066700,0.5,109.22,101.59
6,2020/1/6,3617,36171,碩天一,8.1,12,3,無擔保,5,10200,102,2020/1/2,113,122,1.1,92.62,104.1,12.4,105.23,13.6,宏遠證券,其他電子業,882,24587,2.41,27.88,2019/12/30,1020,2020/1/15,1073334860,0.5,141,105.23
7,2020/1/8,1436,14361,華友聯一,9.6,3,5,有擔保,8,2550,100,2020/1/6,40.95,40,1.05,102.38,106.66,4.2,107.73,5.2,第一金證,建材營造業,372,7637,2.99,20.53,2020/1/2,255,2020/1/17,274721790,0.5,120,107.73
8,2020/1/9,3594,35943,磐儀三,7.2,3,3,無擔保,7,2550,100,2020/1/7,25.45,22.8,1.02,111.62,101.65,-8.9,104.86,-6.1,福邦證券,電腦及週邊設備業,241,4769,1.87,19.79,2020/1/3,255,2020/1/20,267389720,0.5,115.3,104.86
9,2020/2/6,4967,49671,十銓一,7.4,5,3,有擔保,6,4250,102,2020/2/4,36.55,33.9,1.07,107.82,110.7,2.7,112.21,4.1,群益金鼎證,半導體業,444,11307,2.66,25.47,2020/1/31,425,2020/2/17,476883600,0.5,119.6,112.21
10,2020/2/18,2466,24663,冠希電三,15.6,3,3,有擔保,8,2660,102,2020/2/14,34.9,38,1.08,91.84,103.11,12.3,104.5,13.8,中信證券,光電業,481,5011,1.88,10.42,2020/2/12,266,2020/2/27,277980900,0.5,110,104.5
11,2020/2/19,4175,41752,杏一二,3.2,3,5,無擔保,6,2550,102,2020/2/17,72.9,77.3,1.05,94.31,102.65,8.8,103.62,9.9,國泰證券,生技醫療業,190,4108,1.61,21.62,2020/2/13,255,2020/3/2,264225240,0.5,110,103.62
12,2020/2/26,2228,22282,劍麟二,7.6,3,3,無擔保,5,2550,100,2020/2/24,95.2,106.23,1.05,89.62,104.5,16.6,105.98,18.3,元大證券,汽車工業,416,11327,4.44,27.23,2020/2/20,255,2020/3/9,270260630,0.5,110,105.98
13,2020/4/20,6150,61504,撼訊四,4.5,4,3,無擔保,8,3550,100,2020/4/16,42.8,34.5,1.02,124.06,102.22,-17.6,106.83,-13.9,宏遠證券,電腦及週邊設備業,221,4439,1.25,20.09,2020/4/14,355,2020/4/29,379239070,0.5,117.33,106.83
14,2020/5/11,4919,49191,新唐一,39.1,20,7,無擔保,4,5361,100,2020/5/7,39.15,39.9,1.08,98.12,100,1.9,100.91,2.8,中信證券,半導體業,473,5361,1,11.33,2020/5/5,1800,2020/5/20,540953740,0.5,110,100
15,2020/5/28,6189,61893,豐藝三,18.3,10,3,無擔保,4,3740,101,2020/5/26,34.4,34.5,1.02,99.71,101,1.3,103.94,4.2,群益金鼎證,電子通路業,192,3740,1,19.48,2020/5/22,850,2020/6/8,388726950,0.5,498,101
16,2020/7/31,9958,99584,世紀鋼四,23.1,15,3,無擔保,5,10544,100,2020/7/29,92.8,90.88,1.02,102.11,100,-2.1,101.13,-1,群益金鼎證,鋼鐵工業,426,10544,1,24.75,2020/7/27,1275,2020/8/11,1066290440,0.5,110,100
17,2020/8/6,9802,98025,鈺齊五KY,18.6,5,3,無擔保,4,4250,100,2020/8/4,105,112,1.02,93.75,105.5,12.5,106.55,13.7,國票證券,運動休閒,648,19271,4.53,29.74,2020/7/31,425,2020/8/17,452831280,0.5,110.1,106.55
18,2020/8/25,1589,15893,永冠三KY,11.1,15,5,無擔保,6,12750,100,2020/8/21,99,100,1.02,99,101.5,2.5,103.56,4.6,中信證券,電機機械,941,24755,1.94,26.31,2020/8/19,1275,2020/9/3,1320378820,0.5,120.02,103.56
19,2020/8/26,2937,29371,集雅社一,3.3,2.5,3,有擔保,6,2125,104,2020/8/24,33.95,39,1.15,87.05,104.6,20.2,106.1,21.9,富邦證券,居家生活,177,2989,1.41,16.89,2020/8/20,212,2020/9/4,225465300,0.5,120,106.1
20,2020/9/24,8044,80441,網家一,11.8,15,3,有擔保,6,13304,103,2020/9/22,105,112,1.06,93.75,105.77,12.8,107.42,14.6,凱基證券,數位雲端,1138,31470,2.37,27.65,2020/9/18,1330,2020/10/7,1429120140,1.5,230,107.42
21,2020/9/24,4967,49672,十銓二,7.4,8,3,有擔保,6,6880,102,2020/9/22,37.1,42,1.15,88.33,105,18.9,106.47,20.5,第一金證,半導體業,692,16215,2.36,23.43,2020/9/18,688,2020/10/7,732547700,0.5,240,106.47
22,2020/9/28,5263,52633,智崴三,5.7,7,5,無擔保,7,5951,100,2020/9/24,104,105,1.02,99.05,100.7,1.7,101.64,2.6,台新證券,文化創意業,335,11333,1.9,33.83,2020/9/22,595,2020/10/12,604869400,0.5,115,101.64
23,2020/10/13,6629,66291,泰金一KY,3.6,2,3,無擔保,6,1700,100,2020/10/8,63.9,59.8,1.02,106.86,106.1,-0.7,107.88,1,中信證券,居家生活,574,8668,5.1,15.1,2020/10/6,170,2020/10/22,183392590,0.5,113,107.88
24,2020/10/21,6477,64772,安集二,11.4,3,5,無擔保,6,2550,100,2020/10/19,59.5,42.1,1.02,141.33,115.2,-18.5,120.18,-15,國泰證券,光電業,599,8781,3.44,14.66,2020/10/15,255,2020/10/30,306465660,0.5,150.1,120.18
25,2020/10/21,5306,53063,桂盟三,12.6,10,3,有擔保,4,8500,103,2020/10/19,198.5,205.2,1.05,96.73,106.1,9.7,107.5,11.1,凱基證券,運動休閒,718,19924,2.34,27.75,2020/10/15,850,2020/10/30,913722320,1,120,107.5
26,2020/11/23,2636,26364,台驊四,12.7,3,3,無擔保,4,2550,102,2020/11/19,37.85,40,1.04,94.62,104.2,10.1,105.09,11.1,凱基證券,航運業,480,10480,4.11,21.83,2020/11/17,255,2020/12/2,267979230,0.5,108.69,105.09
27,2020/12/1,1626,16264,艾美特四KY,14.1,4,3,無擔保,7,3460,100,2020/11/27,26.25,27,1.07,97.22,100,2.9,100,2.9,凱基證券,電器電纜,96,1280,0.37,13.33,2020/11/25,346,2020/12/10,129816450,0.5,106.02,100
28,2020/12/3,3489,34891,森寶一,8.3,1,3,有擔保,8,900,103,2020/12/1,13,13.85,1.14,93.86,105.99,12.9,107.48,14.5,合庫證券,建材營造業,223,2487,2.76,11.15,2020/11/27,90,2020/12/14,96729890,0.5,112.63,107.48
29,2020/12/4,3023,30237,信邦七,23.3,13,3,無擔保,4,11400,101,2020/12/2,206,203,1.05,101.48,105.28,3.7,108.3,6.7,富邦證券,電子零組件業,1005,32101,2.82,31.94,2020/11/30,1140,2020/12/15,1234582540,0.5,158.28,108.3
30,2020/12/7,5546,55461,永固一KY,8.2,8,3,無擔保,7,6800,100,2020/12/3,83.9,78.8,1.02,106.47,100.11,-6,102.41,-3.8,中信證券,建材營造業,427,9989,1.47,23.39,2020/12/1,680,2020/12/16,696364820,0.5,120,102.41
31,2021/1/25,6706,67061,惠特一,7.2,5,3,無擔保,5,4250,100,2021/1/21,157.5,168,1.05,93.75,108.16,15.4,109.28,16.6,凱基證券,光電業,930,22780,5.36,24.49,2021/1/19,425,2021/2/3,464426010,0.5,136,109.28
32,2021/2/26,3713,37131,新晶投控一,7.8,5,3,有擔保,7,4250,102,2021/2/24,54.6,53.8,1.05,101.49,112.62,11,113.92,12.3,第一金證,綠能環保,727,22095,5.2,30.39,2021/2/22,425,2021/3/10,484175190,0.5,120,113.92
33,2021/5/4,6251,62512,定穎二,27.8,5,3,無擔保,5,4250,101,2021/4/29,22.55,23.5,1.08,95.96,107.7,12.2,110.1,14.7,富邦證券,電子零組件業,734,13542,3.19,18.45,2021/4/27,425,2021/5/13,467936910,0.5,121.1,110.1
34,2021/5/4,1341,13411,富林KY一,4.9,1.5,3,無擔保,6,1275,100,2021/4/29,82.4,75.8,1.02,108.71,112.2,3.2,115,5.8,中信證券,塑膠工業,436,6451,5.06,14.8,2021/4/27,127,2021/5/13,146628770,0.5,152.1,115
35,2021/5/6,3512,35121,皇龍一,8.4,4,3,有擔保,8,3400,100,2021/5/4,36.6,39,1.04,93.85,109.29,16.5,112.04,19.4,台新證券,建材營造業,420,8803,2.59,20.96,2021/4/29,340,2021/5/17,380938230,0.5,138,112.04
36,2021/5/6,6641,66411,基士德KY一,3.4,3,3,無擔保,5,2550,100,2021/5/4,71.6,76,1.05,94.21,101.5,7.7,104.64,11.1,永豐金證,綠能環保,189,3666,1.44,19.4,2021/4/29,255,2021/5/17,266842900,0.5,138,104.64
37,2021/6/2,6015,60151,宏遠一,33.1,7,5,無擔保,BBB,7000,100,2021/5/31,25.15,19.18,1.02,131.13,114.7,-12.5,117.8,-10.2,凱基證券,證券業,747,21079,3.01,28.22,2021/5/27,700,2021/6/11,824581730,0.5,151.3,117.8
38,2021/6/10,6179,61792,亞通二,7.4,2,3,有擔保,6,1700,101,2021/6/10,32.75,32.9,1.02,99.54,114.33,14.9,115.29,15.8,兆豐證券,其他業,613,11047,6.5,18.02,2021/6/4,170,2021/6/22,195992260,0.5,125,115.29
39,2021/7/1,2482,24822,連宇二,6.2,2,3,有擔保,7,1700,100,2021/7/1,12.5,12.65,1.03,98.81,112.8,14.2,114.15,15.5,國票證券,其他電子業,311,6224,3.66,20.01,2021/6/25,170,2021/7/12,194053150,0.5,117.71,114.15
40,2021/7/8,6541,65481,長科一,31.2,15,5,有擔保,7,12750,102,2021/7/6,83.1,75,1.04,110.8,118.28,6.8,120.56,8.8,凱基證券,生技醫療業,1154,41071,3.22,35.59,2021/7/2,1275,2021/7/19,1537201910,0.5,128,120.56
41,2021/7/9,8109,81091,博大一,7.8,3,3,無擔保,5,2550,100,2021/7/7,72.7,74,1.02,98.24,109.8,11.8,111.42,13.4,凱基證券,電子零組件業,559,12744,5,22.8,2021/7/5,255,2021/7/20,284123890,0.5,116.23,111.42
42,2021/7/23,2338,23383,光罩三,25.3,20,5,無擔保,7,17200,102,2021/7/21,99,88.8,1.02,111.49,112.56,1,115.23,3.4,凱基證券,半導體業,1154,33705,1.96,29.21,2021/7/19,1720,2021/8/3,1981888020,0.5,128,115.23
43,2021/7/23,3028,30284,增你強四,21.4,7,3,無擔保,6,5100,101,2021/7/21,27.65,29,1.03,95.34,107.33,12.6,109.18,14.5,群益金鼎證,電子通路業,562,15559,3.05,27.69,2021/7/19,510,2021/8/3,556814850,0.5,115.2,109.18
44,2021/7/26,6477,64773,安集三,11.4,5,5,無擔保,6,4250,100,2021/7/22,45.8,45.3,1.02,101.1,103.88,2.7,106.99,5.8,福邦證券,光電業,321,7088,1.67,22.08,2021/7/20,425,2021/8/4,454703100,0.5,116.5,106.99
45,2021/7/26,6150,61505,撼訊五,4.5,7,3,無擔保,8,5950,100,2021/7/22,139,138.3,1.02,100.51,100.23,-0.3,104.29,3.8,宏遠證券,電腦及週邊設備業,333,7459,1.25,22.4,2021/7/20,595,2021/8/4,620518730,0.5,120,104.29
46,2021/8/4,6209,62092,今國光二,16.3,3.5,3,有擔保,6,2975,100,2021/8/2,33.6,35,1.04,96,113.3,18,115.17,20,國票證券,光電業,696,12874,4.33,18.5,2021/7/29,297,2021/8/13,342640330,0.5,123.5,115.17
47,2021/8/10,3533,35331,嘉澤一,10.3,10,3,無擔保,4,8800,102,2021/8/6,570,563.2,1.02,101.21,114.46,13.1,115.45,14.1,元大證券,電子零組件業,1352,37818,4.3,27.97,2021/8/4,880,2021/8/19,1015932860,0.6,163.5,115.45
48,2021/8/24,3339,33394,泰谷四,4.3,3,3,有擔保,8,2550,102,2021/8/20,18.8,19.8,1.02,94.95,109.3,15.1,110.98,16.9,富邦證券,光電業,315,7618,2.99,24.18,2021/8/18,255,2021/9/2,282999350,0.5,116.5,110.98
49,2021/8/31,6203,62031,海韻一,8,6,3,無擔保,5,5116,104,2021/8/27,97.2,95.8,1.02,101.46,111.1,9.5,112.84,11.2,富邦證券,電子零組件業,550,13263,2.59,24.11,2021/8/25,511,2021/9/9,577269840,0.5,119,112.84
50,2021/8/31,1582,15823,信錦三,12.4,12,3,無擔保,4,10320,100,2021/8/27,70.3,66.8,1.02,105.24,108.3,2.9,111.87,6.3,富邦證券,電子零組件業,640,18383,1.78,28.72,2021/8/25,1032,2021/9/9,1154510750,0.5,118.1,111.87
51,2021/9/7,3018,30184,同開四,7.3,3.5,3,有擔保,9,2975,102,2021/9/9,17.75,19.8,1.1,89.65,108.6,21.1,110.84,23.6,富邦證券,其他電子業,231,7623,2.56,33,2021/9/1,297,2021/9/16,329763570,0.5,115.11,110.84
52,2021/9/8,6190,61905,萬泰科五,14,3,3,無擔保,6,2550,101,2021/9/6,24.25,25,1.02,97,103.8,7,106.4,9.7,元富證券,通信網路業,162,4229,1.66,26.1,2021/9/2,255,2021/9/17,271310080,0.5,111.8,106.4
53,2021/9/14,3122,31221,笙泉一,3.8,2,3,有擔保,6,1700,102,2021/9/10,50.3,52,1.03,96.73,109.6,13.3,111.71,15.5,群益金鼎證,半導體業,249,4909,2.89,19.71,2021/9/8,170,2021/9/27,189899440,0.5,119.28,111.71
54,2021/9/14,3708,37083,上緯三,9.4,10,5,有擔保,6,8500,100,2021/9/10,91.4,99,1.07,92.32,106.33,15.2,108.38,17.4,元大證券,綠能環保,373,13269,1.56,35.57,2021/9/8,850,2021/9/27,921263960,0.5,113.94,108.38
55,2021/9/15,3708,37084,上緯四,9.4,10,5,無擔保,6,8500,100,2021/9/13,89.7,95,1.02,94.42,100.5,6.4,103.45,9.6,元大證券,綠能環保,180,9524,1.12,52.91,2021/9/9,850,2021/9/28,879359860,0.5,107.72,103.45
56,2021/9/15,8473,84732,山林水二,13.5,10,5,無擔保,6,8500,101,2021/9/13,35.95,38,1.05,94.61,101,6.8,103.24,9.1,兆豐證券,綠能環保,56,1597,0.19,28.52,2021/9/9,850,2021/9/28,164873020,0.5,106.8,101
57,2021/9/16,3483,34833,力致三,7.1,3,3,無擔保,6,2550,100,2021/9/14,83.4,83.6,1.02,99.76,106.5,6.8,108.22,8.5,永豐金證,電腦及週邊設備業,278,7976,3.13,28.69,2021/9/10,255,2021/9/29,275963920,0.5,113.1,108.22
58,2021/9/17,6275,62756,元山六,7,3,5,有擔保,6,2550,100,2021/9/15,28.6,30,1.06,95.33,108.6,13.9,110.95,16.4,第一金證,電子零組件業,257,6889,2.7,26.81,2021/9/13,255,2021/9/30,282924490,0.5,115,110.95
59,2021/10/1,6257,62574,矽格四,44.4,15,3,無擔保,4,12750,101,2021/9/29,58.4,65.4,1.03,89.3,104.6,17.1,106.2,18.9,凱基證券,半導體業,594,26059,2.04,43.87,2021/9/27,1275,2021/10/13,1353995740,0.5,110.5,106.2
60,2021/10/5,4714,47146,永捷六,13.5,3,5,有擔保,8,2680,101,2021/10/1,13.7,16.8,1.17,81.55,103.02,26.3,105.37,29.2,富邦證券,化學工業,142,3757,1.4,26.46,2021/9/29,268,2021/10/15,282394680,0.5,111,105.37
61,2021/10/7,8420,84201,明揚一,5.1,5,3,無擔保,6,4250,102,2022/9/28,67.5,75,1.02,90,102.38,13.8,103.98,15.5,台新證券,運動休閒,181,6931,1.63,38.29,2022/9/22,425,2022/10/7,437666000,0.5,106,102.98
62,2021/10/14,8103,81034,瀚荃四,7.9,5,3,無擔保,5,4250,101,2021/10/8,45.8,42.2,1.02,108.53,104.28,-3.9,105.8,-2.5,群益金鼎證,電子零組件業,325,8572,2.02,26.38,2021/10/5,425,2021/10/21,449652530,0.5,114.15,105.8
63,2021/10/14,3576,35763,聯合再生三,151,30,3,有擔保,7,27000,102,2021/10/8,20.65,20.9,1.02,98.8,102.35,3.6,104.18,5.4,凱基證券,光電業,554,31011,1.15,55.98,2021/10/6,2700,2021/10/25,2812889950,0.5,114.7,104.18
64,2021/10/14,6552,65521,易華電一,8.3,5,5,有擔保,6,4250,102,2021/10/12,54.7,63.5,1.08,86.14,104.89,21.8,106.63,23.8,台新證券,半導體業,324,9921,2.33,30.62,2021/10/7,425,2021/10/25,453198380,0.5,115,106.63
65,2021/10/19,4739,47393,康普三,10.3,7,5,有擔保,5,6050,100,2021/10/15,123,110,1.05,111.82,113.89,1.9,116.01,3.7,福邦證券,化學工業,795,22128,3.66,27.83,2021/10/13,605,2021/10/28,701846690,0.5,125.11,116.01
66,2021/10/20,6509,65095,聚和五,17.3,3,3,無擔保,5,2600,102,2021/10/18,56.5,55.9,1.02,101.07,107.99,6.8,110.12,9,台新證券,化學工業,381,9974,3.84,26.18,2021/10/14,260,2021/10/29,286317270,0.5,123.9,110.12
67,2021/10/27,4714,47147,永捷七,17.8,2,3,無擔保,8,1785,100,2021/10/25,14.25,14,1.02,101.79,102.38,0.6,103.76,1.9,富邦證券,化學工業,161,3912,2.19,24.3,2021/10/21,178,2021/11/5,185211190,0.5,109.8,103.76
68,2021/11/2,6616,66162,特昇二-KY,3.6,1.2,3,無擔保,6,1020,101,2021/10/29,22.3,22.8,1.05,97.81,101,3.3,101.76,4,第一金證,居家生活,44,576,0.56,13.09,2021/10/27,102,2021/11/11,50877860,0.5,107,101
69,2021/11/11,1609,16094,大亞四,59.5,12,5,無擔保,5,10320,101,2021/11/9,27.6,28.8,1.06,95.83,106.89,11.5,108.31,13,凱基證券,電器電纜,1164,41122,3.98,35.33,2021/11/5,1032,2021/11/22,1117729060,0.5,116.5,108.31
70,2021/11/11,6283,62832,淳安二,14.8,3,3,有擔保,6,2550,100,2021/11/9,49.1,55.1,1.02,89.11,109.28,22.6,110.78,24.3,中信證券,其他電子業,844,17102,6.71,20.26,2021/11/5,255,2021/11/22,282500280,1,120.5,110.78
71,2021/11/16,2069,20694,運錩四,15.6,3,3,無擔保,7,2550,100,2021/11/12,35.55,31.5,1.02,112.86,109.91,-2.6,111.6,-1.1,台新證券,鋼鐵工業,393,8160,3.2,20.76,2021/11/10,255,2021/11/25,284589610,0.5,117.99,111.6
72,2021/11/29,2066,20661,世德一,3.6,4,3,無擔保,6,3410,103,2021/11/25,61.6,63.1,1.02,97.62,109.1,11.8,110.21,12.9,台新證券,電機機械,616,15035,4.41,24.41,2021/11/23,341,2021/12/8,375808410,0.5,113.14,110.21
73,2021/11/29,6578,65781,達邦蛋白一,3,2,3,有擔保,6,1700,101,2021/11/25,17.9,18.5,1.05,96.76,110.78,14.5,112.02,15.8,兆豐證券,農業科技業,413,9184,5.4,22.24,2021/11/23,170,2021/12/8,190431500,0.5,115.1,112.02
74,2021/12/1,8927,89276,北基六,19.8,3,3,無擔保,7,2700,100,2021/11/29,33.15,35.5,1.05,93.38,100,7.1,103.04,10.3,合庫證券,油電燃氣業,173,2542,0.94,14.69,2021/11/25,270,2021/12/10,261927730,0.5,111.38,100
75,2021/12/1,6654,66541,天正國際一,3.7,4,3,有擔保,6,3400,102,2021/11/29,103,98,1.02,105.1,115.1,9.5,116.41,10.8,凱基證券,其他電子業,912,22722,6.68,24.91,2021/11/25,340,2021/12/10,395792660,0.5,121.96,116.41
76,2021/12/9,1909,19094,榮成四,128,7,3,無擔保,7,5950,102,2021/12/7,24.55,26.1,1.07,94.06,107,13.8,108.58,15.4,台新證券,造紙工業,720,19387,3.26,26.93,2021/12/3,595,2021/12/20,646048920,0.5,120,108.58
77,2021/12/22,4566,45662,時碩二,7.2,6.3,3,無擔保,5,5355,101,2021/12/20,46.05,47,1.04,97.98,110.08,12.4,111.8,14.1,凱基證券,電機機械,811,23230,4.34,28.64,2021/12/16,535,2022/1/3,598662850,0.5,305,111.8
78,2021/12/29,3268,32681,海德威一,3.3,2,3,有擔保,7,1700,104,2021/12/27,29.3,29.2,1.02,100.34,114.93,14.5,115.76,15.4,合庫證券,半導體業,740,14059,8.27,19,2021/12/23,170,2022/1/10,196788580,0.5,120,115.76
79,2022/1/3,2061,20612,風青二,4.7,1,3,有擔保,8,850,100,2021/12/29,22.9,22.7,1.02,100.88,117.39,16.4,118.94,17.9,中信證券,電器電纜,465,8057,9.48,17.33,2021/12/27,85,2022/1/12,101097900,1,122.11,118.94
80,2022/1/7,3138,31381,耀登一,4.7,4,3,有擔保,7,3400,100,2022/1/5,237.5,230,1.04,103.26,118.45,14.7,121,17.2,國票證券,通信網路業,947,22623,6.65,23.89,2022/1/3,340,2022/1/18,411409590,0.5,200,121
81,2022/1/10,6715,67151,嘉基一,5.7,3,3,無擔保,5,2550,100,2022/1/6,123,123.4,1.02,99.68,114.2,14.6,116.22,16.6,中信證券,電子零組件業,581,15355,6.02,26.43,2022/1/4,255,2022/1/19,296356590,0.5,118.89,116.22
82,2022/1/12,8147,81472,正凌二,3.1,2,3,無擔保,6,1700,102,2022/1/10,59.6,63.8,1.02,93.42,109,16.7,111.28,19.1,富邦證券,電子零組件業,230,4939,2.91,21.47,2022/1/6,170,2022/1/21,189168260,0.5,115.25,111.28
83,2022/1/13,1532,15324,勤美四,37.6,15,3,無擔保,6,12750,100,2022/1/11,33.05,34.2,1.04,96.64,108,11.8,110.04,13.9,台新證券,電機機械,757,34721,2.72,45.87,2022/1/7,1275,2022/1/24,1403055610,0.5,117.5,110.04
84,2022/1/14,8367,83671,建新一,8.1,7,3,無擔保,6,5950,100,2022/1/12,49,55,1.03,89.09,104.8,17.6,106.94,20,凱基證券,航運業,459,20488,3.44,44.64,2022/1/10,595,2022/1/25,636313800,0.5,116,106.94
85,2022/1/17,1533,15332,車王電二,9.8,10,3,無擔保,6,8500,100,2022/1/17,60.7,73.5,1.05,82.59,102.51,24.1,109.58,32.7,凱基證券,汽車工業,422,20345,2.39,48.21,2022/1/11,850,2022/1/26,896873940,0.5,115,105.51
86,2022/2/11,6187,61874,萬潤四,8.3,10,3,無擔保,5,8500,103,2022/2/9,126,127,1.03,99.21,111.46,12.3,112.78,13.7,台新證券,其他電子業,1279,38586,4.54,30.17,2022/2/7,850,2022/2/22,958665010,0.5,122.5,112.78
87,2022/2/17,1474,14742,弘裕二,13,3,3,無擔保,6,2550,102,2022/1/17,15.7,16,1.02,98.12,106.8,8.8,109.01,11.1,兆豐證券,紡織纖維,289,6023,2.36,20.84,2022/1/11,255,2022/1/26,277970700,0.5,120,109.01
88,2022/2/18,1617,16173,榮星三,14.4,2,5,無擔保,6,1800,100,2022/2/16,17.95,18.5,1.03,97.03,111,14.4,111.8,15.2,台新證券,電器電纜,520,11451,6.36,22.02,2022/2/14,180,2022/3/2,201234760,0.5,113.1,111.8
89,2022/3/11,2065,20652,世豐二,4.6,6,3,無擔保,5,5100,101,2022/3/9,50.3,61,1.14,82.46,106.21,28.8,107.64,30.5,富邦證券,鋼鐵工業,599,17957,3.52,29.98,2022/3/7,510,2022/3/22,548940450,0.5,113,107.64
90,2022/3/16,2012,20122,春雨二,28.8,5,3,有擔保,6,4250,100,2022/3/14,31.55,37.5,1.15,84.13,108.76,29.3,111.51,32.5,國票證券,鋼鐵工業,351,9992,2.35,28.47,2022/3/10,425,2022/3/25,473930510,0.5,115.3,111.51
91,2022/3/16,2012,20123,春雨三,28.8,4,3,有擔保,6,3400,100,2022/3/14,31.55,37.5,1.15,84.13,108.66,29.2,111.25,32.2,國票證券,鋼鐵工業,282,7714,2.27,27.35,2022/3/10,340,2022/3/25,378254850,0.5,115.58,111.25
92,2022/3/16,2012,20121,春雨一,28.8,7,3,有擔保,6,5950,100,2022/3/14,31.55,37.5,1.15,84.13,108.66,29.2,111.31,32.3,國票證券,鋼鐵工業,434,13173,2.21,30.35,2022/3/10,595,2022/3/25,662286860,0.5,115.68,111.31
93,2022/3/25,3707,37074,漢磊四,31.4,10,3,有擔保,7,8870,101,2022/3/23,130.5,118.8,1.02,109.85,123.26,12.2,124.85,13.7,凱基證券,半導體業,1402,36687,4.14,26.17,2022/3/21,887,2022/4/7,1107443300,1,136.81,124.85
94,2022/3/29,6670,66701,復盛一,13.1,15,3,無擔保,3,12750,102,2022/3/25,202,208,1.03,97.12,110.68,14,112.01,15.3,富邦證券,運動休閒,1147,39987,3.14,34.86,2022/3/23,1275,2022/4/11,1428079540,0.5,124,112.01
95,2022/4/19,3548,35481,兆利一,6,4,3,無擔保,5,3425,101,2022/4/15,65.4,72,1.03,90.83,108.52,19.5,109.57,20.6,永豐金證,電子零組件業,549,15913,4.65,28.99,2022/4/13,342,2022/4/28,375282180,0.5,112.13,109.57
96,2022/4/26,3687,36871,歐買尬一,3,6,3,有擔保,5,5100,102,2022/4/22,147.5,150.6,1.05,97.94,111.56,13.9,113.52,15.9,第一金證,數位雲端,572,16369,3.21,28.62,2022/4/20,510,2022/5/6,578964060,0.5,118.5,113.52
97,2022/4/29,4763,47633,材料KY三,5.9,5,5,無擔保,5,4250,101,2022/4/25,98.6,102.1,1.02,96.57,101,4.6,102.73,6.4,富邦證券,化學工業,101,2710,0.64,26.83,2022/4/25,425,2022/5/11,278409540,0.5,111.3,101
98,2022/5/24,1342,13421,八貫一,6.8,2,3,有擔保,6,1780,100,2022/5/20,73.6,72,1.04,102.22,111.52,9.1,112.93,10.5,元大證券,其他業,406,9568,5.38,23.57,2022/5/18,178,2022/6/2,201013900,0.5,121.57,112.93
99,2022/5/25,6570,65701,維田一,3,1.5,3,無擔保,6,1275,100,2022/5/23,40.5,40.8,1.02,99.26,103.1,3.9,104.61,5.4,中信證券,電腦及週邊設備業,158,3328,2.61,21.06,2022/5/19,127,2022/6/6,133372770,0.5,111.55,104.61
100,2022/5/27,5288,52881,豐祥一KY,6.6,5,3,無擔保,4,4260,100,2022/5/25,152,153,1.03,99.35,100.79,1.5,103.82,4.5,元大證券,電機機械,168,8179,1.92,48.68,2022/5/23,426,2022/6/8,442272670,0.5,116.1,103.82
101,2022/6/2,6134,61342,萬旭二,7.3,2,3,有擔保,7,1720,103,2022/5/31,25,21.6,1.02,115.74,113.89,-1.6,116.23,0.4,中信證券,電子零組件業,242,5920,3.44,24.46,2022/5/27,172,2022/6/14,199908830,1,122.2,116.23
102,2022/6/10,3645,36451,達邁一,13.1,6,3,無擔保,6,5220,101,2022/6/8,60,57,1.03,105.26,106.19,0.9,108.67,3.2,元大證券,電子零組件業,406,13737,2.63,33.83,2022/6/6,522,2022/6/21,567243770,0.5,124.5,108.67
103,2022/6/16,4168,41683,醣聯三,10.9,4,3,有擔保,7,3400,100,2022/6/14,26.8,27.5,1.04,97.45,102.4,5.1,105.16,7.9,台新證券,生技醫療業,205,5075,1.49,24.76,2022/6/10,340,2022/6/27,357534190,0.5,113.95,105.16
104,2022/6/28,2497,24972,怡利電二,11.9,3,3,有擔保,7,2550,100,2022/6/24,80.3,85,1.03,94.47,103.62,9.7,104.97,11.1,國票證券,汽車工業,299,7132,2.8,23.85,2022/6/22,255,2022/7/7,267664620,0.5,111.99,104.97
105,2022/7/11,8938,89383,明安三,13.5,10,3,無擔保,4,8500,102,2022/7/7,76.5,81,1.02,94.44,102,8,102.87,8.9,台新證券,運動休閒,150,7124,0.84,47.49,2022/7/5,850,2022/7/20,732872950,0.5,106.6,102
106,2022/7/12,6477,64774,安集四,11.4,10,5,無擔保,6,8500,100,2022/7/8,53.3,53.9,1.02,98.89,100,1.1,100.91,2,福邦證券,光電業,249,12402,1.46,49.81,2022/7/6,850,2022/7/21,857727990,0.5,107,100.91
107,2022/7/12,3209,32094,全科四,18.9,6,3,無擔保,6,5100,101,2022/7/8,36.3,38.2,1.02,95.03,101,6.3,101.31,6.6,富邦證券,電子通路業,35,942,0.18,26.91,2022/7/6,510,2022/7/21,95431360,0.5,106.25,101
108,2022/7/19,2641,26415,正德五,18.9,6,3,無擔保,6,5138,101,2022/7/15,19.85,19.99,1.02,99.3,101,1.7,101.18,1.9,台中銀證,航運業,91,2406,0.47,26.44,2022/7/13,513,2022/7/28,243437180,0.5,105.37,101
109,2022/8/10,8442,84421,威宏KY一,6,3,3,無擔保,6,2569,102,2022/8/8,65,65,1.02,100,103.95,4,105.71,5.7,富邦證券,其他業,278,7034,2.74,25.3,2022/8/4,256,2022/8/19,271580070,0.5,115,105.71
110,2022/8/16,5245,52451,智晶一,4.5,3,3,有擔保,6,2700,102,2022/8/12,64.2,64.9,1.02,98.92,105.62,6.8,107.29,8.5,合庫證券,光電業,422,9586,3.55,22.72,2022/8/10,270,2022/8/25,289688740,1,111,107.29
111,2022/8/25,4555,45553,氣立三,6.7,6,3,有擔保,6,5100,104,2022/8/23,57.2,60,1.06,95.33,103.5,8.6,104.42,9.5,富邦證券,電機機械,186,4567,0.9,24.55,2022/8/19,510,2022/9/5,476870940,0.5,107.11,103.5
112,2022/8/31,6469,64692,大樹二,5.4,10,3,無擔保,4,8500,100,2022/8/31,295,304.98,1.02,96.73,101.89,5.3,104.21,7.7,統一證券,生技醫療業,377,15124,1.78,40.12,2022/8/25,850,2022/9/12,885772730,0.5,120,104.21
113,2022/9/19,6472,64722,保瑞二,5.4,8,5,有擔保,6,6800,100,2022/9/19,312.5,300,1.02,104.17,104.1,-0.1,106.3,2,台新證券,生技醫療業,577,14104,2.07,24.44,2022/9/13,680,2022/9/28,722827730,0.5,112.1,106.3
114,2022/9/19,2358,23581,廷鑫一,12.5,3,3,有擔保,8,2625,103,2022/9/19,14.9,15.15,1.04,98.35,105.6,7.4,106.63,8.4,合庫證券,其他電子業,289,7052,2.69,24.4,2022/9/13,262,2022/9/28,279914920,1,109,106.63
115,2022/9/21,4416,44163,三圓三,6,10,5,有擔保,8,9500,100,2022/9/21,80.7,81,1.02,99.63,100.5,0.9,102.31,2.7,第一金證,建材營造業,180,7066,0.74,39.26,2022/9/15,950,2022/9/30,722931140,0.5,106.1,100.5
116,2022/9/22,4438,44382,廣越二,10.3,15,3,無擔保,4,12845,101,2022/9/22,130.5,138,1.03,94.57,101,6.8,101.64,7.5,凱基證券,紡織纖維,302,13258,1.03,43.9,2022/9/16,1284,2022/10/3,1305597020,0.5,106.62,101.64
117,2022/10/13,4540,45401,全球傳動一,9.4,5,3,有擔保,6,4250,101,2022/10/13,33.9,40.5,1.05,83.7,101.38,21.1,102.23,22.1,凱基證券,電機機械,268,9022,2.12,33.66,2022/10/6,425,2022/10/24,434478090,0.5,106.8,102.23
118,2022/10/20,6190,61906,萬泰科六,14,8,3,無擔保,6,6800,101,2022/10/20,32.55,36.2,1.02,89.92,101,12.3,101.89,13.3,元富證券,通信網路業,90,3027,0.45,33.63,2022/10/14,680,2022/10/31,239139410,0.5,105.56,101
119,2022/11/9,1599,15991,宏佳騰一,7.6,3,3,有擔保,5,2550,101,2022/11/9,41,43.3,1.05,94.69,101.88,7.6,103.07,8.9,富邦證券,電機機械,159,4213,1.65,26.5,2022/11/3,255,2022/11/18,262828070,0.5,108,103.07
120,2022/11/11,3290,32903,東浦三,10,3,3,有擔保,7,2700,100,2022/11/11,21.35,20.4,1.02,104.66,106.5,1.8,106.85,2.1,統一證券,電子零組件業,239,9318,3.45,38.99,2022/11/7,270,2022/11/22,288487550,0.5,108.11,106.85
121,2022/11/11,8422,84221,可寧衛一,10.9,25,5,無擔保,4,21250,101,2022/11/11,170,170,1.02,100,101.02,1,102.37,2.4,台新證券,綠能環保,374,22182,1.04,59.31,2022/11/7,2125,2022/11/22,2175308810,0.5,106.22,102.37
122,2022/11/17,5225,52251,東科KY一,6.1,3.5,3,有擔保,6,3150,101,2022/11/17,40.5,39.2,1.03,103.32,104.89,1.5,106.42,3,凱基證券,其他電子業,302,9454,3,31.3,2022/11/11,315,2022/11/28,335224810,0.5,110,106.42
123,2022/11/28,4744,47442,皇將二,4.7,1.5,3,有擔保,6,1380,100,2022/11/28,25.85,27,1.04,95.74,103.89,8.5,104.82,9.5,福邦證券,生技醫療業,210,5457,3.95,25.99,2022/11/22,138,2022/12/7,144656600,1,107.11,104.82
124,2022/12/1,3023,30238,信邦八,23.3,10,3,無擔保,4,8500,101,2022/12/1,269,286.5,1.04,93.89,103.2,9.9,104.5,11.3,台新證券,電子零組件業,408,18825,2.21,46.14,2022/11/25,850,2022/12/12,888290480,0.5,107.89,104.5
125,2022/12/1,4540,45402,全球傳動二,9.4,3,3,無擔保,6,2550,100,2022/12/1,35.75,37,1.02,96.62,100,3.5,100.17,3.7,凱基證券,電機機械,87,3340,1.31,38.39,2022/11/25,255,2022/12/12,255426270,0.5,102.1,100.17
126,2022/12/5,6593,65931,台灣銘版一,2,3,3,有擔保,7,2550,100,2022/12/5,39.75,37.8,1.02,105.16,107.7,2.4,109.71,4.3,統一證券,資訊服務業,184,7133,2.8,38.77,2022/11/29,255,2022/12/14,279766660,0.5,120,109.71
127,2022/12/20,4968,49681,立積一,6.3,3,3,無擔保,4,2550,101,2022/7/18,138,137.2,1.02,100.58,103.38,2.8,104.98,4.4,台新證券,半導體業,228,5931,2.33,26.01,2022/7/14,255,2022/7/29,267710450,0.5,110.2,104.98
128,2022/12/27,2230,22304,泰茂四,4,3,3,有擔保,8,2700,100,2022/12/23,30.1,29,1.03,103.79,109.95,5.9,110.42,6.4,統一證券,電機機械,329,8984,3.33,27.31,2022/12/21,270,2023/1/6,298144150,0.5,111.5,110.42
129,2022/12/30,6486,64862,互動二,3.9,6,3,有擔保,6,5100,101,2022/12/28,62.8,60.7,1.02,103.46,104.23,0.7,106.15,2.6,富邦證券,通信網路業,302,8601,1.69,28.48,2022/12/26,510,2023/1/11,541348980,0.5,120,106.15
130,2023/2/9,1589,15894,永冠四KY,11.1,15,5,無擔保,6,13500,100,2023/2/7,67.7,62.3,1.02,108.67,100.51,-7.5,104.23,-4.1,永豐金證,電機機械,409,15003,1.11,36.68,2023/2/3,1350,2023/2/20,1407155910,0.5,112.52,104.23
131,2023/2/24,3533,35332,嘉澤二,10.3,10,3,無擔保,4,8800,102,2023/2/22,818,862.1,1.02,94.88,106.59,12.3,108.14,14,元大證券,電子零組件業,837,34481,3.92,41.2,2023/2/20,880,2023/3/9,951609470,0.6,120,108.14
132,2023/3/10,5450,54501,南良一,12.2,5,5,有擔保,7,4250,100,2023/3/8,21.15,18.8,1.03,112.5,113.28,0.7,116.23,3.3,富邦證券,其他業,456,13528,3.18,29.67,2023/3/6,425,2023/3/21,493967970,0.5,125.65,116.23
133,2023/3/10,3663,36633,鑫科三,7.4,2,3,有擔保,6,1700,102,2023/3/8,30.5,30.9,1.03,98.71,108.11,9.5,109.8,11.2,富邦證券,其他電子業,355,9433,5.55,26.57,2023/3/6,170,2023/3/21,186655190,0.5,129,109.8
134,2023/4/17,4123,41236,晟德六,45.9,7,5,有擔保,6,5950,100,2023/4/13,48.3,48,1.04,100.62,109.1,8.4,110.08,9.4,元富證券,生技醫療業,681,21349,3.59,31.35,2023/4/11,595,2023/4/26,654998900,0.5,125.6,110.08
135,2023/5/15,2421,24213,建準三,25.1,12,5,無擔保,5,10200,100,2023/5/11,65,54.9,1.04,118.4,113.52,-4.1,115.52,-2.4,台新證券,電子零組件業,620,23927,2.35,38.59,2023/5/9,1020,2023/5/24,1178337000,0.5,121.13,115.52
136,2023/5/19,4129,41294,聯合四,8.8,5,3,無擔保,6,4250,100,2023/5/17,62.5,61.7,1.02,101.3,105.03,3.7,106.57,5.2,凱基證券,生技醫療業,443,15667,3.69,35.37,2023/5/15,425,2023/5/30,452918350,0.5,114,106.57
137,2023/5/24,4906,49066,正文六,36.3,15,3,無擔保,6,13201,101,2023/5/22,30.5,30.8,1.02,99.03,102.33,3.3,103.82,4.8,凱基證券,通信網路業,535,23142,1.75,43.26,2023/5/18,1320,2023/6/2,1370592120,0.5,110.01,103.82
138,2023/5/31,9906,99061,欣巴巴一,8.3,2,3,有擔保,8,1700,101,2023/5/29,50.8,53.8,1.1,94.42,108.83,15.3,110,16.5,統一證券,建材營造業,213,5818,3.42,27.31,2023/5/25,170,2023/6/9,187007330,0.5,115,110
139,2023/6/5,6279,62791,胡連一,10,15,3,無擔保,4,12750,102,2023/6/1,148,146.5,1.02,101.02,107.21,6.1,108.61,7.5,永豐金證,電子零組件業,1044,34318,2.69,32.87,2023/5/30,1275,2023/6/14,1384715900,0.5,138.88,108.61
140,2023/6/7,3617,36172,碩天二,8.1,12,5,無擔保,5,10200,100,2023/6/5,199.5,200,1.02,99.75,105.5,5.8,107.64,7.9,宏遠證券,其他電子業,652,23369,2.29,35.84,2023/6/1,1020,2023/6/16,1097954960,0.5,150,107.64
141,2023/6/8,6804,68041,明係一,3.5,2,3,無擔保,6,1700,102,2023/6/6,71.1,73.8,1.04,96.34,102.93,6.8,104.24,8.2,兆豐證券,運動休閒,171,4158,2.45,24.32,2023/6/2,170,2023/6/19,177199790,0.5,109,104.24
142,2023/6/9,3587,35871,閎康一,6.2,6,3,無擔保,4,5100,102,2023/6/7,231.5,218,1.03,106.19,112.53,6,113.69,7.1,元大證券,其他電子業,951,30207,5.92,31.76,2023/6/5,510,2023/6/20,579832050,0.5,150,113.69
143,2023/6/12,5608,56086,四維航六,27.9,5,3,無擔保,7,4250,100,2023/6/8,23.55,23.8,1.03,98.95,105.22,6.3,107.71,8.9,永豐金證,航運業,293,8696,2.05,29.68,2023/6/6,425,2023/6/21,457763900,0.5,112.32,107.71
144,2023/6/21,3092,30922,鴻碩二,9.1,2.5,3,無擔保,7,2125,100,2023/6/19,39,37.6,1.02,103.72,105.1,1.3,107.33,3.5,凱基證券,電子零組件業,439,10219,4.81,23.28,2023/6/15,212,2023/7/4,228066890,0.5,113.25,107.33
145,2023/7/13,5230,52303,雷迪克三,4.7,3,3,無擔保,7,2550,102,2023/7/11,24.35,23.6,1.02,103.18,110.68,7.3,111.88,8.4,富邦證券,光電業,545,14459,5.67,26.53,2023/7/7,255,2023/7/24,285286060,0.5,114,111.88
146,2023/7/20,2066,20662,世德二,3.6,4,3,無擔保,6,3400,102,2023/7/18,103,101,1.02,101.98,109,6.9,109.91,7.8,統一證券,電機機械,582,14802,4.35,25.43,2023/7/14,340,2023/7/31,373682990,0.5,113,109.91
147,2023/7/20,9958,99586,世紀剛六,23.1,15,3,無擔保,5,13410,100,2023/7/18,141.5,141,1.02,100.35,105.33,5,107.77,7.4,永豐金證,鋼鐵工業,766,25776,1.92,33.65,2023/7/14,1341,2023/7/31,1445189830,0.5,128,107.77
148,2023/7/26,6472,64723,保瑞三,5.4,17,5,無擔保,6,14450,100,2023/4/24,1010,808,1.03,125,115.74,-7.4,119.35,-4.5,台新證券,生技醫療業,801,24035,1.66,30.01,2023/7/20,1445,2023/8/4,1724565020,0.5,132.5,119.35
149,2023/8/7,2236,22362,百達二KY,4.6,2,3,無擔保,7,1700,100,2023/8/7,64.5,66,1.03,97.73,101.52,3.9,103.79,6.2,台新證券,汽車工業,137,2540,1.49,18.54,2023/8/3,170,2023/8/18,176447120,0.5,110,103.79
150,2023/8/14,3088,30882,艾訊二,8.3,8,3,無擔保,5,7020,100,2023/8/15,97.7,109.5,1.02,89.22,104.2,16.8,106,18.8,凱基證券,電腦及週邊設備業,643,24370,3.47,37.9,2023/8/11,702,2023/8/28,744123380,0.5,115,106
151,2023/8/16,6796,67961,晉弘一,3.5,2,3,無擔保,7,1780,100,2023/8/14,106.5,123,1.05,86.59,102.55,18.4,104.16,20.3,福邦證券,生技醫療業,213,7289,4.09,34.22,2023/8/10,178,2023/8/25,185403370,0.5,115,104.16
152,2023/8/21,1586,15864,和勤四,8.4,2,3,有擔保,7,1720,100,2023/8/17,31.4,33.39,1.05,94.04,106.11,12.8,107.2,14,合庫證券,電機機械,180,4730,2.75,26.28,2023/8/15,172,2023/8/30,184381070,1,112.22,107.2
153,2023/8/31,2436,24361,偉詮電一,17.8,11,3,無擔保,5,9350,101,2023/8/29,66.7,61.2,1.03,108.99,110.1,1,112.15,2.9,台新證券,半導體業,784,26455,2.83,33.74,2023/8/25,935,2023/9/11,1048604110,0.5,119.91,112.15
154,2023/9/8,1526,15261,日馳一,6,5,3,無擔保,6,4250,101,2023/9/6,36.05,38,1.07,94.87,102.12,7.6,103.81,9.4,富邦證券,電機機械,284,6527,1.54,22.98,2023/9/4,425,2023/9/19,441204380,0.5,108.2,103.81
155,2023/9/11,2906,29061,高林一,20.9,10,3,無擔保,5,9000,100,2023/9/7,17.85,18,1.02,99.17,104.23,5.1,105.28,6.2,元富證券,貿易百貨業,597,20869,2.32,34.96,2023/9/5,900,2023/9/20,947521540,0.5,110.82,105.28
156,2023/9/26,5209,52091,新鼎一,2.7,3,3,無擔保,5,2677,102,2023/9/22,172,177,1.02,97.18,108.43,11.6,109.46,12.6,凱基證券,其他業,631,17316,6.47,27.44,2023/9/20,267,2023/10/6,293026870,0.5,112.5,109.46
157,2023/10/11,8442,84422,威宏二KY,6,4,3,有擔保,6,3415,102,2023/10/5,85.1,84.3,1.02,100.95,110.44,9.4,111.6,10.6,富邦證券,其他業,499,13972,4.09,28,2023/9/28,341,2023/10/19,381125480,0.5,115.5,111.6
158,2023/10/17,6585,65851,鼎基一,6.9,5,3,有擔保,6,4350,102,2023/10/13,118,120.9,1.05,97.6,110.69,13.4,111.96,14.7,第一金證,其他業,487,13122,3.02,26.94,2023/10/11,435,2023/10/26,487025980,0.5,120.56,111.96
159,2023/10/18,3006,30061,晶豪科一,28.6,10,3,無擔保,5,8500,101,2023/10/16,93.9,85.6,1.02,109.7,113.88,3.8,115.42,5.2,凱基證券,半導體業,1008,36256,4.27,35.97,2023/10/12,850,2023/10/27,981040090,0.5,121.7,115.42
160,2023/10/30,5306,53064,桂盟四,12.6,10,3,有擔保,4,8520,100,2023/10/26,126.5,130.5,1.02,96.93,106.3,9.7,108.44,11.9,凱基證券,運動休閒,503,21802,2.56,43.34,2023/10/24,852,2023/11/8,923929400,0.5,131,108.44
161,2023/11/1,2063,20632,世鎧二,5,6,3,無擔保,5,5400,100,2023/10/30,43.9,55,1.06,79.82,105.15,31.7,107.32,34.5,富邦證券,鋼鐵工業,292,9868,1.83,33.79,2023/10/26,540,2023/11/10,579547930,0.5,111.38,107.32
162,2023/11/7,3013,30133,晟銘電三,15.6,4,3,有擔保,7,3400,101,2023/11/3,43.8,43.5,1.02,100.69,112.23,11.5,112.3,11.5,中信證券,電腦及週邊設備業,410,13088,3.85,31.92,2023/11/1,340,2023/11/16,381809530,1,118,112.3
163,2023/11/13,6806,68061,森崴一,21.6,30,3,有擔保,9,28350,100,2023/11/9,108.5,114,1.1,95.18,102.9,8.1,105.76,11.1,福邦證券,綠能環保,917,45146,1.59,49.23,2023/11/7,2835,2023/11/22,2998205890,0.5,115.5,105.76
164,2023/11/16,4566,45663,時碩三,8.2,8,3,無擔保,5,6935,100,2023/11/14,51.5,52,1.03,99.04,104.21,5.2,106.15,7.2,凱基證券,電機機械,513,17407,2.51,33.93,2023/11/10,693,2023/11/27,736158820,0.5,122,106.15
165,2023/11/21,6126,61263,信音三,11.7,5,3,無擔保,6,4750,100,2023/11/17,27.7,28,1.04,98.93,102.6,3.7,104.18,5.3,元大證券,電子零組件業,257,6743,1.42,26.24,2023/11/15,475,2023/11/30,494875580,0.5,107,104.18
166,2023/11/24,2368,23682,金像電二,49.2,40,5,無擔保,4,34000,105,2023/11/22,221,223.1,1.02,99.06,105.12,6.1,107.16,8.2,富邦證券,電子零組件業,797,42859,1.26,53.78,2023/11/20,3400,2023/12/5,3643279440,0.5,130,107.16
167,2023/11/27,8996,89964,高力四,8.9,10,5,無擔保,5,8500,101,2023/11/23,245,240,1.04,102.08,111.6,9.3,113.8,11.5,兆豐證券,電機機械,1031,34645,4.08,33.6,2023/11/21,850,2023/12/6,967263040,0.5,220,113.8
168,2023/12/4,2427,24271,三商電一,19.7,5,5,無擔保,7,4250,102,2023/11/30,27.25,27.32,1.02,99.74,102,2.3,102.68,2.9,台新證券,資訊服務業,146,4322,1.02,29.6,2023/11/28,425,2023/12/13,400144360,0.5,118,102
169,2023/12/5,6284,62843,佳邦一,14.9,7,3,無擔保,5,5950,102,2023/12/1,85.3,92,1.1,92.72,107.61,16.1,108.68,17.2,台新證券,電子零組件業,809,23952,4.03,29.61,2023/11/29,595,2023/12/14,646625280,0.5,115,108.68
170,2023/12/7,3522,35221,御頂一,6.3,1.5,3,有擔保,9,1350,101,2023/12/5,21,19.5,1.03,107.69,112.68,4.6,113.62,5.5,兆豐證券,觀光餐旅,260,7420,5.5,28.54,2023/12/1,135,2023/12/18,153382480,0.5,118,113.62
171,2023/12/8,8488,84881,吉源一KY,6.8,3,3,有擔保,7,2550,101,2023/12/6,18.6,18.5,1.02,100.54,102.71,2.2,104.67,4.1,玉山證券,其他業,191,5497,2.16,28.78,2023/12/4,255,2023/12/19,266913480,0.5,112.83,104.67
172,2023/12/26,6015,60152,宏遠證二,35.1,6,5,無擔保,BBB,6000,100,2023/12/22,10.85,10.92,1.02,99.36,100.05,0.7,101.36,2,凱基證券,證券業,200,11413,1.9,57.06,2023/12/20,600,2024/1/5,608160270,0.5,107.1,101.36
173,2023/12/27,3548,35482,兆利二,6.6,8,3,無擔保,5,7200,101,2023/12/25,195.5,199,1.03,98.24,112.12,14.1,113.2,15.2,永豐金證,電子零組件業,1246,42464,5.9,34.08,2023/12/21,720,2024/1/8,815044010,0.5,118.91,113.2
174,2024/1/9,6715,67152,嘉基二,6.3,3,3,無擔保,5,2550,100,2024/1/5,157.5,168,1.02,93.75,113.87,21.5,114.74,22.4,中信證券,電子零組件業,848,22565,8.85,26.61,2024/1/3,255,2024/1/18,292598840,0.5,117.38,114.74
175,2024/1/10,8210,82101,勤誠一,12.1,10,3,無擔保,4,8974,102,2024/1/8,242.5,271,1.02,89.48,108.1,20.8,109.69,22.6,元大證券,電腦及週邊設備業,862,32252,3.59,37.42,2024/1/4,897,2024/1/19,984373650,0.5,158,109.69
176,2024/1/11,3479,34793,安勤三,7.2,6.5,3,無擔保,5,5700,100,2024/1/9,112,121.5,1.02,92.18,108.5,17.7,109.53,18.8,凱基證券,電腦及週邊設備業,616,25637,4.5,41.62,2024/1/5,570,2024/1/22,624292740,0.5,116.87,109.53
177,2024/1/17,4967,49673,十銓三,7.2,12,3,有擔保,6,10800,102,2024/1/15,85.2,81,1.02,105.19,114.16,8.5,116.16,10.4,永豐金證,半導體業,885,31244,2.89,35.3,2024/1/11,1080,2024/1/26,1254497820,0.5,121.19,116.16
178,2024/1/17,2476,24762,鉅祥二,19.1,10,3,無擔保,4,8500,102,2024/1/15,73.6,72.2,1.02,101.94,112.51,10.4,113.8,11.6,中信證券,電子零組件業,792,29362,3.45,37.07,2024/1/11,850,2024/1/26,967266980,0.5,121.1,113.8
179,2024/2/21,5263,52635,智崴五,6.5,8,3,有擔保,7,6800,100,2024/2/19,115.5,112,1.02,103.12,112.94,9.5,114.83,11.4,台新證券,文化創意業,692,28230,4.15,40.79,2024/2/15,680,2024/3/4,780836290,0.5,117,114.83
180,2024/2/21,5321,53211,美而快一,5,2,3,無擔保,7,1700,100,2024/2/19,88.3,92,1.04,95.98,104,8.4,105.95,10.4,台新證券,數位雲端,212,5336,3.14,25.17,2024/2/15,170,2024/3/4,180116430,0.5,116.3,105.95
181,2024/2/26,6150,61506,撼訊六,4.8,4,3,無擔保,8,3400,100,2024/2/22,91.6,90.2,1.02,101.55,104,2.4,105.95,4.3,宏遠證券,電腦及週邊設備業,321,9991,2.94,31.12,2024/2/20,340,2024/3/7,362909500,0.5,111.88,106.74
182,2024/2/26,3272,32723,東碩三,6.1,3,5,無擔保,6,2550,100,2024/2/22,34.05,34.2,1.02,99.56,104,4.5,105.95,6.4,凱基證券,電腦及週邊設備業,363,11968,4.69,32.97,2024/2/20,255,2024/3/7,277763680,0.5,114.5,108.93
183,2024/2/29,8092,80924,建暐四,5.2,1.7,3,有擔保,9,1530,100,2024/2/26,21,14.5,1.02,144.83,137,-5.4,139.45,-3.7,國票證券,其他電子業,297,8859,5.79,29.83,2024/2/22,153,2024/3/11,213351730,0.5,150,139.45
184,2024/5/13,3483,34834,力致四,8.6,2,3,無擔保,6,1700,101,2024/5/9,162,168,1.05,96.43,117.11,21.4,118.57,23,永豐金證,電腦及週邊設備業,847,18767,11.04,22.16,2024/5/7,170,2024/5/22,201571750,0.5,175,118.57
185,2024/5/15,8433,84332,弘帆二,5.4,1,3,無擔保,6,850,100,2024/5/13,98.4,102,1.02,96.47,112.69,16.8,114.11,18.3,玉山證券,居家生活,217,4649,5.47,21.42,2024/5/9,85,2024/5/24,96995240,0.5,118.7,114.11
186,2024/5/16,6840,68401,東研信超,2.5,2,3,無擔保,6,1765,100,2024/5/14,72,73.4,1.02,98.09,102,4,105.36,7.4,康和證券,其他電子業,73,2501,1.42,34.26,2024/5/10,176,2024/5/27,185965080,0.5,115.5,105.36
187,2024/5/16,6117,61171,迎廣,8.9,5,3,無擔保,8,4250,100,2024/5/14,88.3,84,1.02,105.12,108.2,2.9,111.35,5.9,台新證券,電腦及週邊設備業,378,11705,2.75,30.97,2024/5/10,425,2024/5/27,473245760,0.5,119.33,111.35
188,2024/5/21,8467,84672,波力KY二,5.1,2,3,有擔保,6,1785,100,2024/5/17,175,193.6,1.1,90.39,112.3,24.2,114.7,26.9,富邦證券,運動休閒,316,7982,4.47,25.26,2024/5/15,178,2024/5/30,204740980,0.5,122.1,114.7
189,2024/5/22,6515,65151,穎崴一,3.5,10,3,無擔保,5,8500,103,2024/5/20,862,886,1.02,97.29,115.06,18.3,116.37,19.6,凱基證券,半導體業,1093,42297,4.98,38.7,2024/5/16,850,2024/5/31,989124920,0.5,150,116.37
190,2024/6/7,3583,35832,辛耘二,8,10,3,無擔保,5,8500,100,2024/6/5,327,347.5,1.02,94.1,116.2,23.5,117.07,24.4,富邦證券,半導體業,1271,52260,6.15,41.12,2024/6/3,850,2024/6/19,995128300,0.7,123,117.07
191,2024/6/12,6125,61255,廣運五,24.9,6,3,無擔保,6,5100,102,2024/6/7,115.5,114,1.02,101.32,116.8,15.3,118.47,16.9,元大證券,光電業,1110,37410,7.34,33.7,2024/6/5,510,2024/6/21,604203250,0.7,130.2,118.47
192,2024/6/13,1560,15601,中砂一,14.5,10,5,無擔保,4,8500,101,2024/6/11,281,292.1,1.02,96.2,117.59,22.2,118.38,23.1,凱基證券,電機機械,1203,47963,5.64,39.87,2024/6/6,850,2024/6/24,1006198670,0.5,250,118.38
193,2024/6/24,6509,65096,聚和六,17.4,5,3,無擔保,5,4250,100,2024/6/20,42,41.5,1.03,101.2,113.39,12,115.46,14.1,凱基證券,化學工業,648,23856,5.61,36.81,2024/6/18,425,2024/7/3,490711700,0.5,120.89,115.46
194,2024/6/26,6624,66241,萬年清一,2.1,1,3,有擔保,7,850,101,2024/6/24,39.6,42.2,1.03,93.84,111.03,18.3,113.98,21.5,玉山證券,綠能環保,150,3646,4.29,24.31,2024/6/20,85,2024/7/5,96880960,0.5,123,113.98
195,2024/7/1,6187,61875,萬潤五,9,5,3,無擔保,5,4250,104,2024/6/27,263,288,1.1,91.32,118.69,30,119.63,31,兆豐證券,其他電子業,1091,37764,8.89,34.61,2024/6/25,425,2024/7/10,508441750,0.7,158,119.63
196,2024/7/4,8478,84781,東哥一,8.9,15,3,無擔保,5,12750,100,2024/7/2,415.5,392.2,1.02,105.94,117.24,10.7,119.19,12.5,凱基證券,運動休閒,1199,42763,3.35,35.67,2024/6/28,1275,2024/7/15,1519688420,0.5,331,119.19
197,2024/7/5,3362,33621,先進光一,14.2,12,5,有擔保,6,10200,102,2024/7/3,267,254,1.02,105.12,121.88,15.9,123.26,17.3,中信證券,光電業,1126,40154,3.94,35.66,2024/7/1,1020,2024/7/16,1257260300,1,211,123.26
198,2024/7/5,4572,45721,駐龍一,3.9,5,3,無擔保,6,4250,100,2024/7/3,161.5,175,1.12,92.29,114.8,24.4,116.21,25.9,台新證券,電機機械,656,19337,4.55,29.48,2024/7/1,425,2024/7/16,493887420,0.5,123.88,116.21
199,2024/7/11,2439,24395,美律五,22.4,5,3,無擔保,3,4250,100,2024/7/9,141,139,1.02,101.44,118.89,17.2,120.31,18.6,富邦證券,通信網路業,672,19467,4.58,28.97,2024/7/5,425,2024/7/22,511303890,0.5,127.5,120.31
200,2024/7/12,9933,99332,中鼎二,81,60,5,無擔保,3,51006,102,2024/7/10,52.2,53.9,1.02,96.85,102.95,6.3,104.82,8.2,國泰證券,其他業,1198,91716,1.8,76.56,2024/7/8,5100,2024/7/23,5346565560,0.5,120.1,104.82
201,2024/7/17,2641,26417,正德七,30.4,5.9,3,無擔保,6,5015,101,2024/7/15,20.4,22.7,1.02,89.87,102.69,14.3,104.88,16.7,群益金鼎證,航運業,220,10432,2.08,47.42,2024/7/11,501,2024/7/26,525993010,0.5,120,104.88
202,2024/7/22,6269,62695,台郡五,32.2,20,3,無擔保,4,17000,100,2024/7/18,95,93,1.03,102.15,113.17,10.8,115.07,12.6,元大證券,電子零組件業,1067,55394,3.26,51.92,2024/7/16,1700,2024/8/2,1956252970,0.5,120.87,115.07
203,2024/8/6,6830,68301,汎銓一,5.2,5,3,無擔保,5,4250,100,2024/8/2,135,150,1.06,90,108.02,20,110.28,22.5,台新證券,其他電子業,387,14920,3.51,38.55,2024/7/31,425,2024/8/15,468669620,0.5,116.8,110.28
204,2024/8/6,3518,35181,柏騰一,9.6,3,3,有擔保,7,2550,100,2024/8/2,37.7,35,1.08,107.71,115.53,7.3,118.63,10.1,台新證券,其他電子業,316,9655,3.79,30.55,2024/7/31,255,2024/8/15,302506160,0.5,125.5,118.63
205,2024/8/7,8927,89277,北基七,35.5,5.9,3,有擔保,7,5160,104,2024/8/5,59.4,68.27,1.02,87.01,109.45,25.8,111.53,28.2,合庫證券,油電燃氣業,270,15772,3.06,58.41,2024/8/1,516,2024/8/16,575520300,1,118,111.53
206,2024/8/14,3376,33763,新日興三,19.6,8,5,無擔保,4,6800,100,2024/8/12,209,202,1.02,103.47,119.21,15.2,120.85,16.8,凱基證券,電子零組件業,964,44980,6.61,46.66,2024/8/8,680,2024/8/23,821809070,0.5,128,120.85
207,2024/8/19,3491,34912,昇達科二,6.4,10,5,無擔保,5,8500,101,2024/8/15,315.5,305.3,1.06,103.34,116.3,12.5,118.03,14.2,凱基證券,通信網路業,629,26213,3.08,41.67,2024/8/13,850,2024/8/28,1003264850,0.5,128.8,118.03
208,2024/8/20,2228,22283,劍麟三,7.6,3,3,無擔保,5,2700,100,2024/8/16,93.6,95.51,1.06,98,112.87,15.2,114.2,16.5,凱基證券,汽車工業,360,13687,5.07,38.02,2024/8/14,270,2024/8/29,308341820,0.5,117.73,114.2
209,2024/8/21,3691,36913,碩禾三,9.2,20,3,有擔保,7,17000,100,2024/8/19,114,118,1.04,96.61,104.55,8.2,109.03,12.9,宏遠證券,光電業,455,28032,1.65,61.61,2024/8/15,1702,2024/8/30,1856319140,0.5,121,109.03
210,2024/8/22,1595,15952,川寶二,4.8,3,3,無擔保,6,2700,100,2024/8/20,38.8,38.3,1.05,101.31,107.5,6.1,109.82,8.4,福邦證券,電子零組件業,319,9580,3.55,30.03,2024/8/16,270,2024/9/2,296527160,0.5,117.99,109.82
211,2024/8/23,3564,35642,其陽二,5.9,5,3,無擔保,6,4250,100,2024/8/21,89.6,85,1.03,105.41,111.89,6.1,114.32,8.5,台新證券,通信網路業,381,11420,2.69,29.97,2024/8/19,425,2024/9/3,485859560,0.5,119.77,114.32
212,2024/9/4,6629,66292,泰金二KY,3.6,3,3,無擔保,6,2550,100,2024/9/2,142.5,135,1.02,105.56,114.3,8.3,116.79,10.6,元大證券,居家生活,419,13598,5.33,32.45,2024/8/29,255,2024/9/13,297812060,0.5,123.6,116.79
213,2024/9/5,2464,24642,盟立二,19.6,10,3,無擔保,6,8500,103,2024/9/3,86.3,80,1.04,107.88,115.57,7.1,117.64,9.1,中信證券,其他電子業,625,23634,2.78,37.81,2024/8/30,850,2024/9/16,999915970,0.5,138.66,117.64
214,2024/9/12,1781,17813,合世三,4.7,2,3,有擔保,7,1880,100,2024/9/10,17.4,17.3,1.04,100.58,100.75,0.2,112.91,12.3,華南永昌,生技醫療業,177,5036,2.68,28.45,2024/9/6,188,2024/9/24,212264520,0.5,119.15,112.91
215,2024/9/18,6182,61828,合晶八,54.3,15,5,無擔保,6,12750,102,2024/9/13,32,33.8,1.02,94.67,102.2,7.9,104.51,10.4,富邦證券,半導體業,231,11642,0.91,50.4,2024/9/11,1275,2024/9/27,1166868950,0.5,421.12,102.2
216,2024/9/19,1609,16095,大亞五,77.4,20,5,無擔保,5,17250,100,2024/9/16,49.9,53.1,1.06,93.97,105.51,12.3,107.46,14.4,凱基證券,電器電纜,796,45670,2.65,57.37,2024/9/12,1725,2024/9/30,1853764930,0.5,120,107.46
217,2024/9/24,8147,81473,正凌三,3.6,3,3,無擔保,6,2550,102,2024/9/20,143,134.6,1.02,106.24,115.66,8.9,117.36,10.5,中信證券,電子零組件業,475,13185,5.17,27.76,2024/9/18,255,2024/10/3,299269370,0.5,123.88,117.36
218,2024/9/26,2383,23837,台光電七,34.5,30,5,無擔保,3,27000,105,2024/9/24,461.5,490.7,1.05,94.05,108.38,15.2,110.94,18,凱基證券,電子零組件業,1162,61583,2.28,53,2024/9/20,2700,2024/10/9,2995433350,0.5,125,110.94
219,2024/10/1,6425,64251,易發一,4.4,2,3,有擔保,8,1800,100,2024/9/27,66.6,61,1.02,109.18,120,9.9,123.5,13.1,福邦證券,電機機械,327,10116,5.62,30.94,2024/9/25,180,2024/10/15,222304040,0.5,127,123.5
220,2024/10/1,6197,61973,佳必琪三,12.2,10,3,無擔保,5,8500,102,2024/9/27,168.5,160,1.02,105.31,115.6,9.8,117.45,11.5,元大證券,電子零組件業,789,30593,3.6,38.77,2024/9/25,850,2024/10/15,998337590,0.5,150,117.45
221,2024/10/1,6863,68631,永道一KY,7.4,10,3,無擔保,5,8500,105,2024/9/27,287,305.5,1.02,93.94,108.88,15.9,111.46,18.6,富邦證券,通信網路業,634,23056,2.71,36.37,2024/9/25,850,2024/10/15,947375530,0.5,188,111.46
222,2024/10/8,3013,30134,晟銘電四,20.5,5,3,有擔保,6,4250,101,2024/10/3,123.5,141.5,1.02,87.28,111.69,28,114.01,30.6,中信證券,電腦及週邊設備業,444,14122,3.32,31.81,2024/10/1,425,2024/10/18,484532900,1,122,114.01
223,2024/10/8,2548,25484,華固四,30.4,20,5,無擔保,4,18000,102,2024/10/1,135.5,136.3,1.02,99.41,102.56,3.2,104.83,5.4,富邦證券,建材營造業,425,27512,1.53,64.73,2024/9/27,1800,2024/10/18,1887028900,0.5,129.99,104.83
224,2024/10/8,3516,35161,亞帝歐一,4.4,3.5,3,有擔保,7,2975,101,2024/9/30,27.2,26.7,1.03,101.87,107.83,5.8,109.62,7.6,富邦證券,光電業,88,5102,1.71,57.98,2024/9/26,297,2024/10/18,326126490,0.5,116.1,109.62
225,2024/10/16,6706,67062,惠特二,7.4,5,3,無擔保,6,4250,100,2024/10/14,181,178.8,1.02,101.23,110.23,8.9,113.36,12,凱基證券,光電業,407,13486,3.17,33.14,2024/10/9,425,2024/10/25,481765160,0.5,150,113.36
226,2024/10/18,9939,99392,宏全二,29.6,40,5,無擔保,4,34000,101,2024/10/16,154.5,168.4,1.03,91.75,101,10.1,102.79,12,永豐金證,其他業,581,33833,1,58.23,2024/10/14,3400,2024/10/29,2994517710,0.5,135,101
227,2024/10/18,6584,65841,南俊一,6.6,7,3,有擔保,7,6180,102,2024/10/16,175,178.8,1.02,97.87,112.65,15.1,114.7,17.2,凱基證券,電子零組件業,570,17630,2.85,30.93,2024/10/14,618,2024/10/29,708860570,0.5,133,114.7
228,2024/10/22,6768,67681,志強一KY,19.6,10,3,無擔保,4,9000,100,2024/10/18,112.5,101,1.02,111.39,111.35,0,114.23,2.6,元大證券,運動休閒,561,25529,2.84,45.51,2024/10/16,900,2024/10/31,1028099570,0.5,121.39,114.23
229,2024/10/23,6835,68351,圓裕一,6.6,6,3,無擔保,6,5400,102,2024/10/21,53.2,50.8,1.02,104.72,102.33,-2.3,106.95,2.1,中信證券,電子零組件業,207,8051,1.49,38.89,2024/10/17,540,2024/11/1,577548560,0.5,117.3,106.95
230,2024/10/28,4549,45491,恒達一,5.5,5,3,無擔保,5,4250,100,2024/10/24,165.5,162.7,1.06,101.72,114.51,12.6,117.27,15.3,凱基證券,電機機械,602,19888,4.68,33.04,2024/10/22,425,2024/11/7,498382070,0.5,187,117.27
231,2024/10/29,9958,99588,世紀鋼八,25.7,20,3,無擔保,5,17950,102,2024/10/25,214.5,238,1.03,90.13,102.75,14,104.82,16.3,凱基證券,鋼鐵工業,435,24007,1.34,55.19,45588,1795,45604,1881517290,0.5,220,104.82
232,2024/10/31,8171,81714,天宇四,7.8,2.5,3,有擔保,6,2125,100,2024/10/29,34.5,33.8,1.02,102.07,110.27,8,112.44,10.2,台中銀證,綠能環保,222,5411,2.55,24.37,2024/10/25,212,2024/11/12,238930120,0.5,117.38,112.44
233,2024/11/6,9802,98026,鈺齊六-KY,20.1,10,3,無擔保,4,8500,100,2024/11/4,113,111,1.02,101.8,107,5.1,108.6,6.7,國票證券,運動休閒,602,21716,2.55,36.07,2024/10/31,850,2024/11/15,923101060,0.5,117,108.6
234,2024/11/6,8374,83742,羅昇二,11.2,5,3,無擔保,6,4250,100,2024/11/4,125.5,133.1,1.02,94.29,104.2,10.5,107.06,13.5,台新證券,電機機械,288,9131,2.15,31.7,2024/10/31,425,2024/11/15,455006980,0.5,116,107.06
235,2024/11/8,6664,66642,群翊二,6,12.5,3,無擔保,6,11250,100,2024/11/6,285,306,1.05,93.14,105.4,13.2,106.98,14.9,福邦證券,電子零組件業,725,27655,2.46,38.14,2024/11/4,1125,2024/11/19,1203580260,0.5,200,106.98
236,2024/11/12,3702,37023,大聯大三,167.9,20,3,無擔保,4,18000,100,2024/11/8,76.6,78,1.02,98.21,102.51,4.4,104.3,6.2,元大證券,電子通路業,518,44848,2.49,86.58,2024/11/6,1800,2024/11/21,1877477270,0.5,120,104.3
237,2024/11/15,3303,33035,岱稜五,9.4,5,5,無擔保,6,4410,100,2024/11/13,60.3,62,1.03,97.26,103,5.9,105.28,8.2,福邦證券,其他電子業,264,9838,2.23,37.27,2024/11/11,441,2024/11/26,464283590,0.5,117.5,105.28
238,2024/11/18,3346,33466,麗清六,12.1,3,3,無擔保,7,2656,100,2024/11/14,36.1,38,1.02,95,100,5.3,101.12,6.4,永豐證券,汽車工業,35,1524,0.57,43.54,2024/11/12,265,2024/11/27,115179630,0.5,120,100
239,2024/11/20,3313,33133,斐成三,16.9,4,3,有擔保,7,3480,100,2024/11/18,15.2,16.5,1.03,92.12,100,8.6,103.94,12.8,合庫證券,其他業,85,3753,1.08,44.15,2024/11/14,348,2024/11/29,337296910,1,120,100
240,2024/11/26,6870,68702,騰雲二,2.3,3.5,5,無擔保,6,3150,101,2024/11/22,267,236.6,1.02,112.85,108.64,-3.7,112.33,-0.5,元大證券,數位雲端,277,12249,3.89,44.22,2024/11/20,315,2024/12/5,353846790,0.5,130,112.33
241,2024/11/28,8489,84891,三貝德一,3.7,3,3,有擔保,6,2700,100,2024/11/26,29.1,28.8,1.02,101.04,110.38,9.2,111,9.9,台中銀證,其他業,160,6461,2.39,40.38,2024/11/22,270,2024/12/9,299692100,0.5,113.58,111
242,2024/12/6,5608,56087,四維航七,38.9,6,3,有擔保,7,5100,100,2024/12/4,17.6,19.3,1.03,91.19,100.87,10.6,102.44,12.3,永豐證券,航運業,165,7280,1.43,44.12,2024/12/2,510,2024/12/17,522419970,0.5,110,102.44
243,2024/12/9,5245,52452,智晶二,4.5,3,3,無擔保,6,2550,100,2024/12/5,36.4,35,1.02,104,100,-3.8,101.1,-2.8,台新證券,光電業,100,3666,1.44,36.66,2024/12/3,255,2024/12/18,257797350,0.5,106.8,101.1
244,2024/12/10,1438,14381,三地開發一,11.1,9.7,5,有擔保,8,8730,100,2024/12/6,59.5,57.5,1.02,103.48,114.53,10.7,117.63,13.7,統一證券,建材營造業,557,30504,3.49,54.76,2024/12/4,873,2024/12/19,1026900420,1,123.5,117.63
245,2024/12/16,2442,24424,新美齊四,26.2,6,3,無擔保,7,5100,100,2024/12/12,25.45,26.4,1.02,96.4,100,3.7,100.14,3.9,台新證券,建材營造業,72,5429,1.06,75.4,2024/12/10,510,2024/12/25,509597750,0.5,102.1,100
246,2024/12/16,4979,49794,華星光四,14.1,2,3,無擔保,6,1800,102,2024/12/12,181.5,206,1.06,88.11,111.11,26.1,112.08,27.2,富邦證券,通信網路業,215,6617,3.68,30.78,2024/12/10,180,2024/12/25,201740930,0.5,114.8,112.08
247,2024/12/18,1316,13166,上曜六,30.1,4,3,有擔保,8,3600,100,2024/12/16,13.75,17.8,1.2,77.25,100,29.5,102.07,32.1,元富證券,建材營造業,67,2691,0.75,40.16,2024/12/12,360,2024/12/27,261407370,0.5,110.67,100
248,2024/12/20,2528,25283,皇普三,41.3,6,5,有擔保,8,5100,102,2024/12/18,38.1,46.4,1.15,82.11,102,24.2,102.51,24.8,台新證券,建材營造業,89,6883,1.35,77.34,2024/12/16,510,2024/12/31,522794780,0.5,110,102.51
249,2025/1/6,4569,45691,六方科一KY,3.1,5,3,無擔保,6,4250,100,2025/1/2,203,212,1.04,95.75,102.87,7.4,105.25,9.9,元大證券,汽車工業,219,12965,3.05,59.2,2024/12/30,425,2025/1/15,447313070,0.5,111.87,105.25
250,2025/1/6,2755,27551,揚秦一,3,2,3,無擔保,5,1700,101,2025/1/2,104,106,1.04,98.11,101,2.9,102.52,4.5,永豐證券,觀光餐旅,61,1658,0.98,27.18,2024/12/30,170,2025/1/15,152555390,0.5,582,101
251,2025/1/8,2528,25284,皇普四,41.3,5,5,無擔保,8,4250,101,2025/1/6,42.85,46.4,1.15,92.35,101,9.4,101.12,9.5,台新證券,建材營造業,86,5281,1.24,61.41,2025/1/2,425,2025/1/17,429743540,0.5,105,101.12
252,2025/1/13,8028,80282,昇陽半二,17.3,20,5,無擔保,6,17850,103,2025/1/9,143,140.3,1.02,101.92,103.5,1.5,104,2,永豐證券,半導體業,155,16890,0.95,108.97,2025/1/7,1785,2025/1/22,1013971190,0.5,110,103.5
253,2025/2/12,3390,33902,旭軟二,6.9,2,3,有擔保,7,1700,100,2025/2/10,28.1,26.2,1.02,107.25,110.59,3.1,112.55,4.9,中信證券,電子零組件業,271,6437,3.79,23.75,2025/2/6,170,2025/2/21,191336640,1,116.8,112.55
254,2025/2/14,3045,30455,台灣大五,372.3,30,5,無擔保,2,22500,100,2025/2/13,112.5,115.8,1.04,97.15,100,2.9,100.63,3.6,元大證券,通信網路業,264,30173,1.34,114.29,2025/2/10,2550,2025/2/25,2566084750,0.5,106.22,100.63
255,2025/2/14,3548,35483,兆利三,6.6,15,5,無擔保,4,13200,100,2025/2/14,167.5,170,1.04,98.53,107.87,9.5,110.05,11.7,凱基證券,電子零組件業,717,39506,2.99,55.1,2025/2/10,1320,2025/2/25,1452707400,0.5,116.88,110.05
256,2025/2/14,3095,30954,及成四,1.5,1.5,3,有擔保,9,1275,100,2025/2/12,42.65,41.1,1.02,103.77,108.6,4.7,112.7,8.6,台新證券,通信網路業,197,5136,4.03,26.07,2025/2/10,127,2025/2/25,144638250,0.5,1056.02,113.44
257,2025/2/18,3434,34341,哲固一,3.3,1.5,3,有擔保,7,1275,100,2025/2/14,28.85,30.3,1.03,95.21,104.7,10,106.77,12.1,華南永昌,光電業,103,2490,1.95,24.17,2025/2/12,127,2025/2/27,136136950,0.5,110.88,106.77
258,2025/2/18,6451,64512,訊芯二KY,10.8,25,3,無擔保,5,22500,100,2025/2/14,230,241.2,1.03,95.36,100.55,5.4,104.08,9.1,福邦證券,半導體業,635,31088,1.38,48.96,2025/2/12,2250,2025/2/27,2341848790,0.5,130,104.08
259,2025/2/19,4439,44391,冠星一KY,3.8,5,3,無擔保,5,4250,101,2025/2/17,103,103,1.02,100,101.08,1.1,102.32,2.3,凱基證券,紡織纖維,160,7589,1.79,47.43,2025/2/13,425,2025/3/3,434876910,0.5,106.39,102.32
260,2025/3/14,6846,68462,綠茵二,2.7,3.5,5,無擔保,6,2975,100,2025/3/12,90.8,81.3,1.02,111.69,101.55,-9.1,105.38,-5.6,富邦證券,食品工業,168,4324,1.45,25.74,2025/3/10,297,2025/3/25,313493540,0.6,135,105.38
261,2025/3/20,1474,14743,弘裕三,13,3,3,無擔保,6,2550,102,2025/3/18,14.25,14.5,1.03,98.28,101.5,3.3,101.81,3.6,兆豐證券,紡織纖維,60,3003,1.18,50.05,2025/3/14,255,2025/3/31,253807460,0.5,105.3,101.5
262,2025/5/19,6117,61172,迎廣二,9.2,5,3,無擔保,7,4250,100,2025/5/15,92,79.3,1.02,116.02,108.5,-6.5,110.73,-4.6,台新證券,電腦及週邊設備業,321,10534,2.48,32.82,2025/5/13,425,2025/5/28,470622160,0.5,120,110.73
263,2025/5/20,1472,14722,三洋實業二,5.2,3,3,有擔保,7,2550,100,2025/5/16,107,102,1.02,104.9,108.36,3.3,110.71,5.5,台新證券,建材營造業,274,8382,3.29,30.59,2025/5/14,255,2025/5/29,282319570,0.5,115.4,110.71
264,2025/5/28,4555,45554,氣立四,7,5,3,有擔保,6,4250,102,2025/5/26,41.2,44,1.05,93.64,102,8.9,103.28,10.3,富邦證券,電機機械,84,4130,0.97,49.17,2025/5/22,425,2025/6/9,354244830,0.5,107.11,102
265,2025/6/4,3653,36535,健策五,14.3,20,5,無擔保,3,17012,105,2025/6/2,1320,1320.9,1.02,99.93,106.61,6.7,108.37,8.4,富邦證券,電子零組件業,603,33082,1.94,54.86,2025/5/28,1701,2025/6/13,1843635280,0.5,200,108.37
266,2025/6/5,3617,36173,碩天三,9.4,15,3,無擔保,4,12750,100,2025/6/3,253,305,1.15,82.95,100,20.6,100.79,21.5,富邦證券,其他電子業,185,8825,0.69,47.7,2025/5/29,1275,2025/6/16,889471690,0.5,270,100
267,2025/6/6,2351,23511,順德一,18.2,12,3,無擔保,5,10200,100,2025/6/4,71.3,75,1.05,95.07,100.14,5.3,102.18,7.5,台新證券,半導體業,279,14593,1.43,52.3,2025/6/2,1020,2025/6/17,1042239420,0.5,107.51,102.18
268,2025/6/11,1466,14664,聚隆四,11.1,4,3,有擔保,7,3400,100,2025/6/9,16.8,18.8,1.04,89.36,101,13,103.11,15.4,國票證券,紡織纖維,87,5417,1.59,62.26,2025/6/5,340,2025/6/20,350570440,0.5,108,103.11
269,2025/6/17,6538,65381,倉和一,3.8,3,5,無擔保,5,2550,101,2025/6/13,108,112,1.02,96.43,101.3,5.1,102.54,6.3,統一證券,電子零組件業,137,3433,1.35,25.06,2025/6/11,255,2025/6/26,261474780,0.7,106.22,102.54
270,2025/6/19,2247,22472,汎德二,8.1,10,3,無擔保,4,8500,101,2025/6/17,289,297.8,1.02,97.04,101.55,4.6,102.37,5.5,群益金鼎證,汽車工業,360,17324,2.04,48.12,2025/6/13,850,2025/6/30,870139750,0.5,200,102.37
271,2025/6/19,2530,25304,華建四,84,10,3,無擔保,7,7180,100,2025/6/17,32.45,32.5,1.02,99.85,100,0.2,100.37,0.5,凱基證券,建材營造業,174,9585,1.33,55.09,2025/6/13,718,2025/6/30,720685010,0.5,110,100.37
272,2025/7/17,4442,44421,竣邦一KY,3.1,1.5,3,無擔保,6,1275,100,2025/7/15,46.05,49,1.03,93.98,100,6.4,100.37,6.8,台新證券,紡織纖維,64,1445,1.13,22.58,2025/7/11,127,2025/7/28,127965450,0.5,103.1,100.37
273,2025/7/17,6469,64693,大樹三,15,10,3,無擔保,4,8650,100,2025/7/15,143.5,149.74,1.02,95.83,101.51,5.9,102.2,6.6,國泰證券,生技醫療業,462,23446,2.71,50.75,2025/7/11,865,2025/7/28,884000790,0.5,109,102.2
274,2025/7/23,8411,84113,福貞三KY,21.8,12,5,有擔保,6,10200,100,2025/7/21,13.2,13.4,1.03,98.51,100,1.5,100.49,2,台新證券,其他業,132,9362,0.92,70.92,2025/7/17,1020,2025/8/1,940744220,0.5,103.6,100
275,2025/7/24,6982,69822,大井泵浦二,4,2,3,無擔保,7,1709,100,2025/7/22,62.5,61.8,1.02,101.13,100,-1.1,101.16,0,永豐金證,電機機械,91,1092,0.64,12,2025/7/18,170,2025/8/4,110470160,0.5,109.91,100
276,2025/7/24,6843,68431,進典一,3.3,3,3,無擔保,6,2700,101,2025/7/22,59.8,61.4,1.03,97.39,101.01,3.7,101.83,4.6,永豐金證,電機機械,88,2953,1.09,33.56,2025/7/18,270,2025/8/4,274946340,0.5,105.91,101.83
277,2025/7/25,3131,31312,弘塑二,2.9,10,5,無擔保,5,8500,103,2025/7/23,1565,1649.2,1.02,94.89,109.14,15,110.5,16.4,凱基證券,其他電子業,1071,41920,4.93,39.14,2025/7/21,850,2025/8/5,939217330,0.5,120,110.5
278,2025/7/28,3167,31672,大量二,8.8,5,3,無擔保,6,4661,100,2025/7/24,168,170,1.08,98.82,107.39,8.7,109.09,10.4,福邦證券,電機機械,453,17514,3.76,38.66,2025/7/22,466,2025/8/6,508448500,0.5,133,109.09
279,2025/7/28,2641,26418,正德八,32.5,7.8,5,無擔保,6,7020,100,2025/7/24,19.5,19.3,1.02,101.04,100.5,-0.5,101.3,0.3,群益金鼎證,航運業,112,5987,0.85,53.46,2025/7/22,702,2025/8/6,606462730,0.5,125.5,100.5
280,2025/8/6,7556,75562,意德士二,2.7,2,3,無擔保,6,1800,100,2025/8/4,174,178.5,1.02,97.48,107.5,10.3,109.25,12.1,元大證券,半導體業,314,9261,5.14,29.49,2025/7/31,180,2025/8/15,196658740,0.5,117,109.25
281,2025/8/6,4581,45811,光隆精密一KY,3.4,5,3,無擔保,5,4380,100,2025/8/4,52.7,56.7,1.02,92.95,100.5,8.1,100.94,8.6,第一金證,汽車工業,67,3437,0.78,51.3,2025/7/31,438,2025/8/15,286362450,0.5,107.92,100.5
282,2025/8/19,2743,27431,山富一,3.6,3,3,無擔保,4,2640,102,2025/8/15,106,135,1.06,78.52,102,29.9,102.31,30.3,國泰證券,觀光餐旅,100,1904,0.72,19.04,2025/8/13,264,2025/8/28,194805900,0.5,110,102
283,2025/8/19,4558,45581,寶緯一,5,3,3,有擔保,8,2624,100,2025/8/15,27.5,29.8,1.03,92.28,100.1,8.5,101.17,9.6,華南永昌,電機機械,105,3368,1.28,32.08,2025/8/13,262,2025/8/28,265477880,0.5,107,101.17
284,2025/8/27,6207,62076,雷科六,8,2,3,無擔保,6,1800,100,2025/8/25,57.8,50.6,1.02,114.23,114,-0.2,116.21,1.7,凱基證券,電子零組件業,308,8271,4.59,26.85,2025/8/21,180,2025/9/5,209173170,0.5,120.15,116.21
285,2025/8/29,5439,54391,高技一,9.3,20,5,無擔保,5,17000,101,2025/8/27,303,300,1.03,101,110.4,9.3,111.88,10.8,凱基證券,電子零組件業,1301,56352,3.31,43.31,2025/8/25,1700,2025/9/9,1901965970,0.5,220,111.88
286,2025/9/9,4168,41684,醣聯四,10.8,5,3,有擔保,7,4250,100,2025/9/5,26.2,24,1.02,109.17,107.4,-1.6,109.13,0,統一證券,生技醫療業,369,12074,2.84,32.72,2025/9/3,425,2025/9/18,463810420,0.5,117,109.13
287,2025/9/18,4438,44383,廣越三,10.3,8,3,無擔保,4,7120,101,2025/9/16,74.3,76,1.03,97.76,101.32,3.6,102.1,4.4,凱基證券,紡織纖維,290,17431,2.45,60.11,2025/9/12,712,2025/9/30,726951650,0.5,468,102.1
288,2025/9/22,3687,36872,歐買尬二,3,4,3,無擔保,5,3600,100,2025/9/18,76.4,75.9,1.03,100.66,102.89,2.2,104.51,3.8,元富證券,數位雲端,494,8134,2.26,16.47,2025/9/16,360,2025/10/2,376230190,0.5,114.52,104.51
289,2025/9/23,8404,84041,百和興業一KY,42,10,3,有擔保,7,8500,100,2025/9/19,24.35,26.8,1.05,90.86,100.69,10.8,101.83,12.1,中信證券,其他業,815,14498,1.71,17.79,2025/9/17,850,2025/10/3,865572250,1,200,101.83
290,2025/9/26,6477,64775,安集五,12.4,6,3,無擔保,7,5200,100,2025/9/24,43.5,44.3,1.02,98.19,100,1.8,100.71,2.6,福邦證券,光電業,638,8881,1.71,13.92,2025/9/22,520,2025/10/9,523708680,0.5,107.85,100.71
291,2025/10/2,5201,52011,凱衛一,3.1,1,3,有擔保,6,850,101,2025/9/30,44.85,41.2,1.04,108.86,111.89,2.8,112.96,3.8,兆豐證券,資訊服務業,440,5773,6.79,13.12,2025/9/25,85,2025/10/15,96017470,0.5,162,112.96
292,2025/10/3,6219,62194,富旺四,12.5,6,3,有擔保,9,5350,100,2025/10/1,20.1,21.17,1.05,94.95,101.1,6.5,103.05,8.5,統一證券,建材營造業,253,10547,1.97,41.69,2025/9/26,535,2025/10/16,551301410,0.5,110,103.05
293,2025/10/8,2753,27532,八方雲集二,6.7,2,3,無擔保,4,1800,100,2025/10/3,197.5,210,1.02,94.05,105.8,12.5,107.18,14,元大證券,觀光餐旅,438,12957,7.2,29.58,2025/10/1,180,2025/10/20,192917600,0.6,162,107.18
294,2025/10/8,7713,77131,威力德一,4.6,5,3,無擔保,6,4250,101,2025/10/3,78,73.9,1.02,105.55,102.02,-3.3,103.84,-1.6,台新證券,生技醫療業,224,9120,2.15,40.71,2025/10/1,425,2025/10/20,441335600,0.5,112.6,103.84
295,2025/10/14,6209,62093,今國光三,17.4,4.5,3,有擔保,7,3825,100,2025/10/9,43.05,38.6,1.05,111.53,113.6,1.9,115.02,3.1,中信證券,光電業,239,15806,4.13,66.13,2025/10/7,382,2025/10/23,439952770,1,118.5,115.02
296,2025/10/15,4113,41135,聯上五,23.1,4,5,有擔保,7,3435,102,2025/10/13,22.75,26.3,1.1,86.5,102,17.9,102,17.9,合庫證券,建材營造業,189,4176,1.22,22.1,2025/10/8,343,2025/10/27,216471200,1,103.55,102
297,2025/10/16,3551,35513,世禾三,6.2,5,3,無擔保,5,4250,100,2025/10/14,171.5,173,1.04,99.13,112.78,13.8,114.42,15.4,凱基證券,綠能環保,340,29058,6.84,85.46,2025/10/9,425,2025/10/28,486302470,0.5,150,114.42
298,2025/10/28,6197,61907,萬泰科七,18.6,10,5,無擔保,6,8500,100,2025/10/23,41.9,41.7,1.02,100.48,104.6,4.1,106.21,5.7,國票證券,電子零組件業,305,27147,3.19,89.01,2025/10/21,850,2025/11/6,902799530,0.5,113.5,106.21
299,2025/11/14,2368,23683,金像電三,50.6,90,5,無擔保,3,76836,107,2025/11/10,482,450,1.03,107.11,111,3.6,112.88,5.4,富邦證券,電子零組件業,1852,156043,2.03,84.26,2025/11/6,7683,2025/11/24,8673140920,0.5,301.4,112.88
300,2025/11/14,3032,30322,偉訓二,11.3,10,5,無擔保,6,8567,101,2025/11/12,92.2,101.9,1.02,90.48,102.66,13.5,104.73,15.7,統一證券,電腦及週邊設備業,428,14701,1.72,34.35,2025/11/10,856,2025/11/25,897189650,0.5,112,104.73
301,2025/12/1,6890,68902,萊億二,24.9,5,3,無擔保,5,4350,101,2025/11/27,280.5,245.2,1.02,114.4,118.36,3.5,119.83,4.7,富邦證券,運動休閒,977,25845,5.94,26.45,2025/11/25,435,2025/12/10,521278370,0.5,237,119.83
302,2025/12/2,6442,64423,光聖三,7.8,15,3,無擔保,5,12750,102,2025/11/28,1190,1065.9,1.02,111.64,123,10.2,124.86,11.8,台新證券,通信網路業,2273,82048,6.44,36.1,2025/11/26,1275,2025/12/11,1591954870,0.5,132.6,124.86
303,2025/12/4,5307,53097,系統電七,20.9,5,3,無擔保,6,4255,101,2025/12/2,60.6,55,1.03,110.18,114.85,4.2,116.91,6.1,富邦證券,電子零組件業,606,18745,4.41,30.93,2025/11/28,425,2025/12/15,497434850,0.5,124.86,116.91
304,2025/12/8,4739,47394,康普四,11.9,6,5,有擔保,5,5640,100,2025/12/4,69.2,71,1.09,97.46,109.12,12,110.46,13.3,福邦證券,化學工業,692,26476,4.69,38.26,2025/12/2,564,2025/12/17,622988430,0.5,121,110.46
305,2025/12/16,6904,69041,伯鑫一,1.8,2,3,無擔保,6,1278,102,2025/12/12,120,130,1.04,92.31,102.51,11.1,103.6,12.2,國泰證券,其他業,131,4153,3.25,31.7,2025/12/10,128,2025/12/26,132395760,0.5,112,103.6
306,2025/12/16,3453,35431,州巧一,8.9,4,3,有擔保,6,3770,100,2025/12/12,44.9,46.3,1.05,96.98,110.12,13.6,111.76,15.2,福邦證券,光電業,429,16326,4.33,38.06,2025/12/10,377,2025/12/26,421336820,0.5,115.88,111.76
307,2025/12/16,6670,66702,復盛應用二,13.9,20,3,無擔保,3,12750,103,2025/12/12,261.5,270,1.06,96.85,107,10.5,108.66,12.2,台新證券,運動休閒,880,42647,3.34,48.46,2025/12/10,1275,2025/12/26,1385391790,0.5,117.6,108.66
308,2025/12/23,2745,27451,五福一,3.4,3,3,無擔保,4,"2,550",101,2025/12/19,105.5,111.3,1.02,94.79,103.53,9.2,104.97,10.7,台新證券,觀光餐旅,174,"7,641",3,43.91,2025/12/17,255,2026/1/5,"267,685,510",0.5,115,104.97
309,2025/12/23,6510,65101,精測一,3.3,20,3,無擔保,4,"17,000",102,2025/12/19,2300,2016.8,1.04,114.04,126.72,11.1,128.43,12.6,元大證券,半導體業,"2,043","101,825",5.99,49.84,2025/12/17,"1,700",2026/1/5,"2,183,241,550",0.5,151,128.43
310,2026/1/6,4967,49674,十銓四,8.5,20,3,有擔保,5,"17,361",102,2026/1/2,193.5,147,1.02,131.63,131.51,-0.1,134.44,2.1,永豐金證,半導體業,999,"41,990",2.42,42.03,2025/12/30,"1,736",2026/1/15,"2,333,978,780",0.5,156.5,134.44
311,2026/1/9,8021,80212,尖點二,14.5,7,5,無擔保,4,"6,650",100,2026/1/7,193,203.5,1.1,94.84,113.46,19.6,115.16,21.4,福邦證券,其他電子業,1117,"37,393",5.62,33.48,2026/1/5,665,2026/1/20,"765,819,760",0.5,163.36,115.16
312,2026/1/9,6199,61993,天品三,6.2,2.5,3,有擔保,7,"2,160",100,2026/1/7,108.5,104.6,1.02,103.73,111.17,7.2,113.35,9.3,群益金鼎證,其他業,255,"7,249",3.36,28.43,2026/1/5,216,2026/1/20,"244,838,620",0.5,117.23,113.35
313,2026/1/12,3717,37171,聯嘉投控一,20.8,7,3,有擔保,7,"5,950",100,2026/1/8,17.15,17.5,1.04,98,101.2,3.3,105.57,7.7,國泰證券,汽車工業,225,"8,508",1.43,37.81,2026/1/6,595,2026/1/21,"628,149,230",0.5,120,105.57
314,2026/1/13,2467,24673,志聖三,15.7,10,3,無擔保,5,"8,500",102,2026/1/9,259,246.6,1.02,105.03,121.8,16,123.34,17.4,富邦證券,電子零組件業,"1,147","44,121",5.19,38.47,2026/1/7,850,2026/1/22,"1,048,398,370",0.5,215,123.34
315,2026/1/16,2455,24553,全新三,18.5,5,3,無擔保,5,"4,500",102,2026/1/14,160,153.5,1.03,104.23,123.8,18.8,124.47,19.4,群益金鼎證,通信網路業,"1,080","34,907",7.76,32.32,2026/1/12,450,2026/1/27,"560,099,070",0.5,139.5,124.47
316,2026/1/20,6101,61011,寬魚國際一,11.5,1.5,3,有擔保,NR,"1,275",100,2026/1/16,37,36.9,1.02,100.27,104.1,3.8,107.3,7,富邦證券,文化創意業,145,"3,160",2.48,21.79,2026/1/14,127,2026/1/29,"136,811,060",0.5,113.85,107.3
317,2026/1/23,8210,82103,勤誠三,12.5,7,3,無擔保,4,"4,450",100,2026/1/21,909,985.3,1.03,92.26,112.11,21.5,115.87,25.6,元大證券,電腦及週邊設備業,361,"14,072",3.16,38.98,2026/1/19,445,2026/2/3,"515,630,060",0.5,124.13,115.87
318,2026/1/23,6672,66722,騰輝二KY,7.1,5,5,無擔保,6,"6,300",102,2026/1/21,98.5,93,1.02,105.91,115.88,9.4,117.76,11.2,永豐金證,電子零組件業,"1,073","38,764",6.15,36.13,2026/1/19,630,2026/2/3,"741,916,330",0.5,135.8,117.76
319,2026/1/26,3587,35872,閎康二,6.7,7,5,無擔保,4,"5,950",102,2026/1/22,193.5,198,1.03,97.73,115.6,18.3,117.66,20.4,元大證券,其他電子業,591,"26,182",4.4,44.3,2026/1/20,595,2026/2/4,"700,062,910",0.5,124,117.66
320,2026/1/27,6515,65152,穎崴二,3.6,30,3,無擔保,4,"25,500",103,2026/1/23,3905,3540.4,1.02,110.3,127.3,15.4,130.03,17.9,凱基證券,半導體業,"1,645","76,759",3.01,46.66,2026/1/21,"2,550",2026/2/5,"3,315,872,130",0.5,139.68,130.03
321,2026/3/5,3324,33247,雙鴻七,8.8,20,5,無擔保,4,17000,102,2026/3/3,1080,1105,1.02,97.74,128.23,31.2,129.77,32.8,凱基證券,其他電子業,1978,74555,4.39,37.69,2026/2/26,1700,2026/3/16,2206107920,0.6,138,129.77
322,2026/3/10,6547,65472,高端疫苗二,32.9,7.5,3,有擔保,7,6375,100,2026/3/6,36.8,37,1.03,99.46,103.03,3.6,104.95,5.5,永豐金證,生技醫療業,216,11873,1.86,54.97,2026/3/4,637,2026/3/19,669025840,0.5,116,104.95
323,2026/3/10,6913,69131,鴻呈一,4.4,4.5,3,無擔保,6,3825,102,2026/3/6,118,126,1.05,93.65,106.53,13.8,109.55,17,兆豐證券,電子零組件業,240,9885,2.58,41.19,2026/3/4,382,2026/3/19,419011840,0.5,125,109.55
324,2026/3/11,4113,41136,聯上六,23.1,3,5,無擔保,7,1810,100,2026/3/9,18.35,20.45,1.02,89.73,100,11.4,100.28,11.8,合庫證券,建材營造業,11,568,0.31,51.64,2026/3/5,181,2026/3/20,20658420,1,115,100
325,2026/3/13,3715,37152,定穎投控二,28.4,10,3,無擔保,6,8500,102,2026/3/11,152,159,1.03,95.6,123.33,29,125.12,30.9,凱基證券,電子零組件業,1137,49741,5.85,43.75,2026/3/9,850,2026/3/24,1063548760,0.5,141.1,125.12
326,2026/3/16,6576,65761,逸達一,15.8,4,3,有擔保,8,3400,100,2026/3/12,80.1,84.3,1.05,95.02,102.52,7.9,104.51,10,元富證券,生技醫療業,153,7255,2.13,47.42,2026/3/10,340,2026/3/25,355318140,0.5,112,104.51
327,2026/3/17,3011,30112,今皓二,13,4.5,3,有擔保,8,3850,100,2026/3/13,12.3,12.5,1.02,98.4,103.46,5.1,105.03,6.7,群益金鼎證,電子零組件業,154,9755,2.53,63.34,2026/3/11,385,2026/3/26,404360800,0.5,113.58,105.03
328,2026/4/2,6472,64725,保瑞五,12.7,10,5,無擔保,5,8500,100,2026/3/31,,485,1.02,,,,,,台新證券,生技醫療業,,,,,2026/3/27,850,2026/4/15,,0.5,,
