代碼,名稱  ,產業,CB收盤價,成交量,股價,轉換價格,轉換價值,溢(折)價%,"停止轉
換起始日","停止轉
換終迄日",發行日,最近賣回日,賣回價格,到期日,到期價格,YTP,YTM,2025Q2公告基本每股盈餘(元),股價波動率120天(%),股價波動率240天(%),自營商買張數,自營商賣張數,外資買張數,外資賣張數,TCRI,發行總量(張),流通在外餘額(張),剩餘未轉換比率%,債券擔保情形,經營項目
11011,台泥一永,水泥工業,98.7,0,24.6,35.2,69.88636364,41.22926829,-,-,2024/12/10,2027/12/10,100,2029/12/10,100,0.007570862,0.003519398,-0.32,26.14,26.99,-,-,-,-,4,80000,80000,100.00,無,有關水泥及水泥製品之生產及運銷、有關水泥原料及水泥製品原料之開採製造運銷及附屬礦石之開採經銷、經營有關水泥工業及其附屬事業
12561,鮮活果汁一KY,食品工業,100.5,0,161,189.1,85.14013749,18.04068323,-,-,2025/10/8,2027/10/8,100.5006,2028/10/8,100,3.80962E-06,-0.001935949,0,48.39,43.67,-,-,-,-,5,2000,2000,100.00,無,果汁、果粒、果粉類等產品之生產與銷售
13166,上曜六,建材營建,105.5,0,12.8,17.4,73.56321839,43.4140625,-,-,2024/12/27,2026/12/27,100.5,2027/12/27,100,-0.060273792,-0.029184718,0,35.78,44.15,-,-,-,-,8,4000,4000,100,有，板信商業銀行股份有限公司,住宅及大樓開發租售業務、不動產買賣業務、不動產租賃業務
13382,廣華二KY,汽車工業,93.85,92,15.15,37.6,40.29255319,132.9214521,2026/03/24,2026/05/22,2023/12/1,2026/12/1,106.1208,2028/12/1,100,0.182848313,0.024111378,-0.24,23.35,26.07,0,90,0,0,6,6000,6000,100,無,汽車內飾件之曲面印刷、表面塗裝及射出成型等製造及銷售、汽車內飾件之模具製造及銷售、其他
140201,遠東新E1永,紡織纖維,104.85,0,34.8,43.1,80.7424594,29.85732759,-,-,2024/8/8,2027/8/8,100,2029/8/8,100,-0.033040398,-0.013593916,0,18,22.76,-,-,-,-,3,10000,9999,99.99,無,電信50.25%、生產事業46.56%、不動產開發2.16%、投資及其他1.03%(石化纖維原料、半成品及製成品、纖維紗(布)、混紡紗(布)、假撚絲、棉布、被單、紡織成衣、針織成衣、)
140202,遠東新E2永,紡織纖維,98.75,0,23.25,31.7,73.34384858,34.63978495,-,-,2024/8/8,2027/8/8,100,2029/8/8,100,0.009041591,0.003720011,0,18,22.76,-,-,-,-,3,15000,14992,99.94,無,電信50.25%、生產事業46.56%、不動產開發2.16%、投資及其他1.03%(石化纖維原料、半成品及製成品、纖維紗(布)、混紡紗(布)、假撚絲、棉布、被單、紡織成衣、針織成衣、)
14363,華友聯三,建材營建,98.5,25,54,128.7,41.95804196,134.7583333,2026/03/29,2026/05/27,2024/8/27,2026/8/27,103.0225,2027/8/27,104.5678,0.101566682,0.04242404,-0.62,28.84,33.16,0,25,0,0,8,6000,6000,100,無,住宅及大樓開發租售業、休閒活動場館業、餐館業
14364,華友聯四,建材營建,93.5,0,54,99,54.54545455,71.41666667,2026/03/29,2026/05/27,2025/3/18,2027/3/18,103.0225,2028/3/18,104.5678,0.101014662,0.058863556,-0.62,28.84,33.16,-,-,-,-,8,20000,20000,100,無,住宅及大樓開發租售業、休閒活動場館業、餐館業
14381,三地開發一,建材營建,119.7,0,29.65,55.88,53.06012885,125.5931197,-,-,2024/12/19,2027/12/19,101.5075,2029/12/19,102.5251,-0.086140072,-0.038088181,2.64,27.49,36.01,-,-,-,-,8,9700,9700,100,有，台中商業銀行股份有限公司,委託營造廠商興建商業大樓、工業大樓及住宅出租出售業務、紡織工業之產銷及其附屬事業暨投資金融與其他經濟事業
14664,聚隆四,紡織纖維,109.9,2,18,18.8,95.74468085,14.78444444,-,-,2025/6/20,2028/6/20,100,2028/6/20,100,-0.039710013,-0.039710013,0,41.97,51.78,2,2,0,0,7,4000,4000,100,有，台中商業銀行股份有限公司,尼龍絲53.28%、Lyocell長纖絲27.7%、聚酯絲5.72%、P.P絲4.7%、新纖產品及加工收入4.07%(尼龍原絲、假撚絲、仿棉絲製造、加工及買賣、聚酯原絲、假撚絲、空氣打節絲製造、加工及買賣、超細纖維、超細纖維布、彈性纖維、彈性纖維布製造、加工及買賣)
14722,三洋實業二,建材營建,103.45,5,91.3,98.6,92.59634888,11.72146769,-,-,2025/5/29,2027/5/29,101.0025,2028/5/29,100,-0.019626027,-0.015102416,1.3,12.73,31.21,4,5,0,0,6,3000,3000,100,有，台中商業銀行股份有限公司,營建工程、營建工程
14723,三洋實業三,建材營建,97.95,0,91.3,101.5,89.95073892,8.892935378,-,-,2025/6/17,2027/6/17,102.01,2028/6/17,100,0.032961106,0.009259517,1.3,12.73,31.21,-,-,-,-,6,4000,4000,100,無,營建工程、營建工程
14743,弘裕三,紡織纖維,90.75,1,9.99,14,71.35714286,27.17717718,-,-,2025/3/31,2028/3/31,101.5075,2028/3/31,101.5075,0.057921124,0.057921124,0,17.15,26.07,-,-,-,-,6,3000,3000,100,無,各種棉毛絲纖維織品之製造代織，買賣，印染，整理及加工內外銷、各種塑膠製品之加工製造買賣、有關行紀業務進出口貿易事業
15142,亞力二,電機機械,124.5,11,115.5,109.2,105.7692308,17.70909091,-,-,2025/1/13,2028/1/13,100.7519,2030/1/13,100,-0.10407017,-0.051305221,1.11,46.55,46.85,10,5,0,0,6,12000,12000,100,無,配電盤、電機器材、電子產品、變壓器
15261,日馳一,電機機械,97,3,17.4,37.29,46.6613033,107.8810345,2026/04/25,2026/06/23,2023/9/19,2026/9/19,100,2026/9/19,100,0.060046063,0.060046063,-0.07,46.47,43.84,0,1,0,0,7,5000,5000,100,無,各種腳踏車之零件機械五金之加工製造買賣業務
15364,和大四,汽車工業,98.65,6,52.5,71.47,73.45739471,34.29553333,2026/03/31,2026/05/29,2024/8/12,2026/8/12,100,2027/8/12,100,0.033299544,0.009698896,0,39.76,45.43,1,1,0,0,8,15000,15000,100,無,汽、機車、農業機械等之齒輪、軸類製造及買賣、各種機械及零件之製造加工與代理經銷買賣業務、各種汽機車零件製造及代理經銷買賣
15601,中砂一,電機機械,162,61,460,284.6,161.6303584,0.228695652,-,-,2024/6/24,2027/6/24,100,2029/6/24,100,-0.299766863,-0.116701218,3.26,41.38,49.9,57,33,0,0,4,10000,6214,62.14,無,各種研磨品，各種切削刀具，之製造加工經銷及代理研磨加工、再生晶圓、其他金屬製品製造業－金屬台金，熱處理業，表面處理業，模具製造業
15864,和勤四,電機機械,101.6,16,22.95,30.74,74.6584255,36.0864488,-,-,2023/8/30,2026/8/30,100,2026/8/30,100,-0.034214473,-0.034214473,0.11,37.16,33.09,15,16,0,0,8,2000,2000,100,有，合作金庫商業銀行股份有限公司,汽機車另件72.69%、硬碟機另件24.61%、其他2.7%(各類電子及汽車零件之加工製造買賣之產品業務)
15865,和勤五,電機機械,98.2,2,22.95,30.14,76.14465826,28.96505447,-,-,2023/8/31,2026/8/31,101.5075,2026/8/31,101.5075,0.072743556,0.072743556,0.11,37.16,33.09,-,-,-,-,8,3000,2902,96.73,無,汽機車另件72.69%、硬碟機另件24.61%、其他2.7%(各類電子及汽車零件之加工製造買賣之產品業務)
15894,永冠四KY,電機機械,58.5,10,7.98,60.7,13.14662273,344.981203,-,-,2023/2/20,2028/2/20,100,2028/2/20,100,0.366239921,0.366239921,0,60.86,53.34,-,-,-,-,8,15000,114,0.76,無,主要從事球狀石墨鑄鐵/灰口鑄鐵之高級鑄件產品之製造及銷售業務
15952,川寶二,電子–電子零組件,112.45,0,40.2,37.7,106.6312997,5.456840796,-,-,2024/9/2,2027/9/2,101.51,2029/9/2,100,-0.066250008,-0.03189526,0,42.52,48.33,-,-,-,-,6,3000,910,30.33,無,電子零組件製造業、設計、研發、生產CCD自動對位曝光機
15984,岱宇四,運動休閒,93.3,38,19.8,32.7,60.55045872,54.08636364,-,-,2025/3/3,2027/3/3,102.01,2028/3/3,100,0.096528303,0.036455003,0,32.48,40.68,0,38,0,0,7,2000,2000,100,無,健身器材
16095,大亞五,電器電纜,103.1,40,35.95,51.3,70.07797271,47.12183588,-,-,2024/9/30,2027/9/30,100.75,2029/9/30,100,-0.014751051,-0.008474735,0,40.29,43.75,39,40,0,0,5,20000,20000,100,無,發電輸電配電機械製造業、電線電纜製造業、其他塑膠製品製造業、電子零組件製造業、配管工程業、其它工程業、塑膠膜、鋼線鋼纜、金屬結構建築組件製造業、電信器材電子材料批發業、國際貿易業
17813,合世三,生技醫療,101.95,0,12.35,18,68.61111111,48.59109312,-,-,2024/9/24,2027/9/24,100,2027/9/24,100,-0.012511404,-0.012511404,0,26.72,32.4,-,-,-,-,7,2000,2000,100,有，華南商業銀行股份有限公司,電子血壓計、藥物微霧化器
17863,科妍三,生技醫療,121,0,65.7,116.5,56.39484979,114.5585997,2026/04/10,2026/05/05,2025/8/1,2027/8/1,102.01,2028/8/1,100,-0.113658501,-0.072812767,0.86,35.16,42.74,-,-,-,-,6,4000,4000,100,無,透明質酸(玻尿酸)醫療器材產品研發製造及銷售、透明質酸(玻尿酸)保養品研發製造及銷售
18156,富喬六,電子–電子零組件,765,0,107.5,13.53,794.5306726,-3.716744186,-,-,2021/3/16,2026/3/16,100,2026/3/16,100,-317.2875817,-317.2875817,0,71.6,68.51,-,-,-,-,6,4000,85,2.12,無,電子級玻璃纖維、電子級玻璃纖維、電子級玻璃纖維
19094,榮成四,造紙工業,96.55,4,9.24,23.9,38.66108787,149.7343074,2026/03/29,2026/05/27,2021/12/20,2026/12/20,100,2026/12/20,100,0.046580232,0.046580232,0.15,28.76,34.34,-,-,-,-,8,7000,160,2.28,無,紙器及紙類之製造、印刷、加工、買賣、代理及進出口業務、造紙原料之製造、加工、買賣、代理及進出口業務、紙器及紙類加工設備之買賣
20344,允強四,鋼鐵工業,104.15,0,20,24,83.33333333,24.98,2026/04/18,2026/06/16,2024/10/2,2027/10/2,100,2029/10/2,100,-0.025695984,-0.011213514,-0.12,27.13,36.71,-,-,-,-,4,20000,20000,100,無,不銹鋼捲(板)裁切及買賣、不銹鋼焊接鋼管之製造加工及買賣、不銹鋼角鋼，扁鐵及槽鐵等之製造加工及買賣
20662,世德二,電機機械,98.6,0,53.6,88.1,60.8399546,62.06455224,-,-,2023/7/31,2026/7/31,100,2026/7/31,100,0.037554752,0.037554752,0,38.96,40.34,-,-,-,-,6,4000,2378,59.45,無,汽車、機械用之特殊零件、配件生產及研發、汽車用之標準扣件(有螺紋及無螺紋產品)、電子、建築、家具及其他產業用之有螺紋扣件產品
21043,國際中橡三,橡膠工業,99.35,0,12.4,21.2,58.49056604,69.85645161,2026/03/28,2026/05/26,2023/10/13,2026/10/13,100.9,2028/10/13,100,0.026860917,0.002532367,-0.88,43.76,40.57,-,-,-,-,5,35000,35000,100,無,一般投資業
22013,裕隆三,汽車工業,100,0,27.85,75,37.13333333,169.2998205,-,-,2023/5/25,2026/5/25,100.7519,2028/5/25,102.5251,0.038654014,0.011492039,0,44.46,43.65,-,-,-,-,5,70000,69999,99.99,無,汽車、零件、保修及其他
22283,劍麟三,汽車工業,113.85,1,89.8,85.36,105.2014995,8.220890869,-,-,2024/8/29,2027/8/29,100,2027/8/29,100,-0.083463765,-0.083463765,1.19,45.63,47.11,1,0,0,0,5,3000,2787,92.9,無,CD01030汽車及其零件製造業、F401010國際貿易業、除許可業務外，得經營法令非禁止或限制之業務
22331,宇隆一,汽車工業,121.5,98,226.5,250,90.6,34.10596026,-,-,2026/1/23,2029/1/23,100,2029/1/23,100,-0.061807155,-0.061807155,1.68,54.81,56.14,81,80,0,0,4,13000,13000,100,無,精密金屬零件100%(精密金屬零件之機械加工、製造及買賣)
22362,百達二KY,汽車工業,190,0,113,61,185.2459016,2.566371681,-,-,2023/8/18,2026/8/18,100,2026/8/18,100,-1.108299595,-1.108299595,0,36.57,38.96,-,-,-,-,7,2000,5,0.25,無,生產銷售沖壓機台及汽、機車用件、服務型機器人之銷售及租賃、HDD硬碟內夾取臂製造與組裝
22363,百達三KY,汽車工業,91,1,113,118.1,95.68162574,-4.892920354,-,-,2026/2/10,2029/2/10,101.5,2031/2/10,100,0.039619365,0.020133241,0,36.57,38.96,-,-,-,-,7,2500,2500,100,無,生產銷售沖壓機台及汽、機車用件、服務型機器人之銷售及租賃、HDD硬碟內夾取臂製造與組裝
22471,汎德永業一,汽車工業,101.85,8,245,282.8,86.63366337,17.564,-,-,2025/6/26,2028/6/26,100,2028/6/26,100,-0.007949458,-0.007949458,3.46,23.94,27.78,4,7,0,0,4,10000,10000,100,無,汽車零售業務、汽、機車零件配備零售業務、汽車修理業務
22472,汎德永業二,汽車工業,103.45,11,245,273.8,89.48137327,15.61065306,-,-,2025/6/30,2028/6/30,100,2028/6/30,100,-0.014525713,-0.014525713,3.46,23.94,27.78,11,6,0,0,4,10000,10000,100,無,汽車零售業務、汽、機車零件配備零售業務、汽車修理業務
23372,旺宏二,電子–半導體,467,16,108.5,23,471.7391304,-1.004608295,2026/03/29,2026/05/27,2025/3/24,2028/3/24,100,2028/3/24,100,-0.387623705,-0.387623705,-0.15,84.1,69.42,10,15,0,0,5,30000,1312,4.37,無,積體電路、各種半導體零組件，及其系統應用產品之、研究發展、設計、製造、測試、銷售及顧問諮詢
23383,光罩三,電子–半導體,98.5,0,50,74.5,67.11409396,46.765,-,-,2021/8/3,2026/8/3,100,2026/8/3,100,0.039421104,0.039421104,0,57.74,59.01,-,-,-,-,9,20000,979,4.89,無,光罩之研究發展製造及銷售、提供有關前述產品之技術協助諮詢檢驗維修與修理服務
23511,順德一,電子–半導體,135,23,88.9,72.4,122.7900552,9.94375703,-,-,2025/6/17,2028/6/17,100,2028/6/17,100,-0.114702581,-0.114702581,0.8,44.74,48.12,15,17,0,0,5,12000,12000,100,無,半導體導線架、五金文具用品、模具及其他
23683,金像電三,電子–電子零組件,208,1720,935,450,207.7777778,0.106951872,-,-,2025/11/24,2028/11/24,100,2030/11/24,100,-0.19240531,-0.11050684,5.86,61.61,59.95,248,1207,0,0,3,90000,78650,87.38,無,雙層、多層印刷電路板之製造加工及買賣業務、各種電腦、電子、通訊、資訊產品及其週邊設備與電子零件、加工
23742,佳能二,電子–光電,114,48,70.6,86.8,81.33640553,40.15864023,-,-,2026/2/2,2029/2/2,100,2031/2/2,100,-0.042487736,-0.025111799,0,50.69,53.3,48,41,0,0,6,3000,3000,100,無,數位電子照相機、光學產品
24023,毅嘉三,電子–電子零組件,121.2,13,51.3,55,93.27272727,29.94152047,-,-,2025/11/19,2027/11/19,100,2028/11/19,100,-0.103981897,-0.065147841,0.61,55.62,52.47,13,9,0,0,5,10000,10000,100,無,各種電子塑膠、矽膠字鍵、鍵盤及其組裝、軟性電路版及其組裝、智慧財產權業
24271,三商電一,電子–資訊服務,99.55,5,24.45,26.3,92.96577947,7.082413088,-,-,2023/12/13,2026/12/13,101.51,2028/12/13,100,0.026323584,0.001643351,0.42,27.39,40.01,-,-,-,-,6,5000,4684,93.68,無,金融自動化服務機器之銷售、租賃及維護、系統整合業務之軟、硬體規劃、開發建置及維護
24361,偉詮電一,電子–半導體,117.95,20,60.8,53.3,114.0712946,3.400246711,2026/03/31,2026/05/29,2023/9/11,2026/9/11,100,2026/9/11,100,-0.308593566,-0.308593566,1.57,46.15,45.92,19,19,0,0,5,11000,10999,99.99,無,研發生產銷售數位類比混合式特殊應用IC、研發生產銷售數位式積體電路、類比式IC、兼營與本公司業務相關之進出口貿易業務
24394,美律四,電子–通信網路,103,61,84.7,128.9,65.7098526,56.74970484,-,-,2024/7/10,2027/7/10,100,2027/7/10,100,-0.022056158,-0.022056158,1.59,28.84,33.75,61,37,0,0,3,25000,25000,100,無,娛樂性產品、揚聲器、電池產品、免持聽筒、及其他電子零件
24395,美律五,電子–通信網路,104,38,84.7,125.2,67.65175719,53.72845336,-,-,2024/7/22,2027/7/22,100,2027/7/22,100,-0.028417938,-0.028417938,1.59,28.84,33.75,36,31,0,0,3,5000,5000,100,無,娛樂性產品、揚聲器、電池產品、免持聽筒、及其他電子零件
24423,新美齊三,建材營建,96.55,12,19.7,25.1,78.48605578,23.01548223,-,-,2024/11/29,2026/11/29,100.5,2027/11/29,100,0.057655125,0.020901386,0,33.38,34.51,-,-,-,-,7,10000,9001,90.01,無,不動產買賣、租賃及營建開發、不動產買賣、租賃及營建開發
24424,新美齊四,建材營建,96.3,1,19.7,25.3,77.86561265,23.67461929,-,-,2024/12/25,2026/12/25,100.5,2027/12/25,100,0.055856151,0.021575206,0,33.38,34.51,0,1,0,0,7,6000,5928,98.8,無,不動產買賣、租賃及營建開發、不動產買賣、租賃及營建開發
24552,全新二,電子–通信網路,169,97,237.5,162.9,145.7949662,15.91621053,-,-,2026/1/23,2029/1/23,100,2029/1/23,100,-0.142606381,-0.142606381,1.05,62.44,61.15,91,47,0,0,5,5000,5000,100,無,CC01080電子零組件製造業、F119010電子材料批發業、ZZ99999除許可業務外，得經營法令非禁止或限制之業務
24553,全新三,電子–通信網路,175,17,237.5,153.5,154.723127,13.10526316,-,-,2026/1/27,2029/1/27,100,2029/1/27,100,-0.149121612,-0.149121612,1.05,62.44,61.15,10,15,0,0,5,5000,5000,100,無,CC01080電子零組件製造業、F119010電子材料批發業、ZZ99999除許可業務外，得經營法令非禁止或限制之業務
24616,光群雷六,電子–其他電子,105.5,45,15.45,14.5,106.5517241,-0.987055016,-,-,2021/3/24,2026/3/24,100,2026/3/24,100,-2.114270669,-2.114270669,0,25.73,33.15,3,44,0,0,6,6000,2245,37.41,有，台中商業銀行股份有限公司,全像術及光電相關產品
24624,良得電四,電子–電子零組件,100.4,0,22.2,30.09,73.77866401,36.0827027,2026/03/29,2026/05/27,2023/8/11,2026/8/11,100,2026/8/11,100,-0.009759619,-0.009759619,0.25,38.84,44.45,-,-,-,-,6,4000,2443,61.07,無,電腦系統及電器類電源傳輸線組資訊週邊產品訊號聯結線、通訊系統高效連接線組智能電動車充電線纜
24642,盟立二,電子–其他電子,109.8,200,70.9,78.5,90.31847134,21.56981664,-,-,2024/9/16,2026/9/16,100.5,2027/9/16,100,-0.167109733,-0.059231661,-0.26,44.98,46.39,-,-,-,-,6,10000,9803,98.03,無,設計開發生產製造及銷售下列產品:自動化設備系統及其零組件、電腦控制設備及系統，醫療器材及其自動化生產設備，立體停車設備、前項產品工程之規劃安裝，技術咨詢顧問，維修及租賃
24672,志聖二,電子–電子零組件,145.35,47,363.5,250.6,145.0518755,0.205529574,-,-,2026/1/9,2028/1/9,100,2029/1/9,100,-0.171251141,-0.110457817,1.72,58.12,57,46,42,0,0,5,7000,7000,100,無,印刷電路板業製程設備：光阻製程設備、光固化/曝光製程設備、平面顯示器業製程設備：TFTArray/Cell/CF/TFT-LCM製程設備、半導體業&太陽光電業製程設備：晶圓表面清潔電漿處理設備
24673,志聖三,電子–電子零組件,146.15,212,363.5,246.6,147.404704,-0.851196699,-,-,2026/1/22,2028/1/22,100,2029/1/22,100,-0.169994964,-0.110399028,1.72,58.12,57,193,183,0,0,5,10000,10000,100,無,印刷電路板業製程設備：光阻製程設備、光固化/曝光製程設備、平面顯示器業製程設備：TFTArray/Cell/CF/TFT-LCM製程設備、半導體業&太陽光電業製程設備：晶圓表面清潔電漿處理設備
24762,鉅祥二,電子–電子零組件,130,95,82.3,66.5,123.7593985,5.042527339,-,-,2024/1/26,2027/1/26,100,2027/1/26,100,-0.265712206,-0.265712206,1.64,36.69,41.39,77,92,0,0,4,10000,3677,36.77,無,連續沖壓精密金屬零件與連續沖壓模具、機械零組件、刀具、夾具、自動化專用機
24866,一詮六,電子–光電,135,48,152,125.2,121.4057508,11.19736842,-,-,2024/7/1,2026/7/1,101.0025,2027/7/1,100,-0.851103395,-0.200062642,0.06,63.35,58.21,29,45,0,0,6,6000,6000,100,無,散熱元件45.28%、導線架35.06%、陶瓷電路板9.25%、TV背光模組7.31%、智能服務機器人%(LED及SMD導線架、直下式電視背光模組、散熱片及IC導線架、其他電子零組件)
25283,皇普三,建材營建,107,13,26.75,42.4,63.08962264,69.6,2026/03/09,2026/04/03,2024/12/31,2027/12/31,100.752,2029/12/31,102.53,-0.032489742,-0.010993606,0.26,28.17,31.79,13,13,0,0,8,6000,6000,100,有，元大商業銀行股份有限公司,委託營造廠商興建商業大樓及國民住宅出租、出售業務、投資興闢都市計劃範圍內之停車場、餐廳、咖啡廳、旅館業務之經營
25284,皇普四,建材營建,92.25,0,26.75,41,65.24390244,41.39252336,2026/03/09,2026/04/03,2025/1/17,2028/1/17,101.508,2030/1/17,102.53,0.05442878,0.028970267,0.26,28.17,31.79,-,-,-,-,8,5000,5000,100,無,委託營造廠商興建商業大樓及國民住宅出租、出售業務、投資興闢都市計劃範圍內之停車場、餐廳、咖啡廳、旅館業務之經營
25303,華建三,建材營建,95,0,25.35,32.2,78.72670807,20.67061144,-,-,2025/6/23,2027/6/23,100.5,2028/6/23,100,0.045444256,0.02311736,0,24.23,29.99,-,-,-,-,7,5000,5000,100,無,委託營造廠商興建商業大樓出租出售業務、委託營造廠商興建國民住宅出租出售業務、房屋租售之介紹業務
25304,華建四,建材營建,96.3,0,25.35,30.2,83.94039735,14.72426036,-,-,2025/6/30,2027/6/30,100.5,2028/6/30,100,0.033726702,0.016734945,0,24.23,29.99,-,-,-,-,7,8000,7607,95.08,無,委託營造廠商興建商業大樓出租出售業務、委託營造廠商興建國民住宅出租出售業務、房屋租售之介紹業務
25483,華固三,建材營建,104.95,1,116.5,125,93.2,12.60729614,-,-,2024/10/2,2027/10/2,100,2029/10/2,100,-0.030415796,-0.0132732,8.33,27.97,31.06,1,1,0,0,4,40000,40000,100,無,委託營造廠商興建商業大樓、國民住宅及廠辦之出租及出售、室內裝潢業務及建材機械買賣及進出口貿易業務、委託營造廠興建一般工業用地之廠房倉庫出租等業務
25484,華固四,建材營建,105.75,1,116.5,123.5,94.33198381,12.10407725,-,-,2024/10/18,2027/10/18,100,2029/10/18,100,-0.034100233,-0.015115259,8.33,27.97,31.06,1,0,0,0,4,20000,20000,100,無,委託營造廠商興建商業大樓、國民住宅及廠辦之出租及出售、室內裝潢業務及建材機械買賣及進出口貿易業務、委託營造廠興建一般工業用地之廠房倉庫出租等業務
26107,華航七,航運業,110,14,18.5,16.9,109.4674556,0.486486486,-,-,2021/4/28,2026/4/28,100,2026/4/28,100,-0.754132231,-0.754132231,0.61,22.01,29.39,14,11,0,0,4,45000,7046,15.65,無,客運收入66.61%、貨運收入26.22%、其他收入7.17%(客運、貨運、郵運、代理業務(包括營業、運務)及代理修護、倉儲業務之經營)
26417,正德七,航運業,99.05,23,18.7,22.15,84.42437923,17.32393048,-,-,2024/7/26,2027/7/26,100,2027/7/26,100,0.007029633,0.007029633,0.46,30.08,38.01,3,20,0,0,6,5900,5767,97.74,無,船務代理業、海運承攬運送業、其他顧問服務業
26418,正德八,航運業,104.95,6,18.7,19.3,96.89119171,8.317379679,-,-,2025/8/6,2028/8/6,100.7519,2030/8/6,100,-0.016686112,-0.010726069,0.46,30.08,38.01,3,1,0,0,6,7800,7182,92.07,無,船務代理業、海運承攬運送業、其他顧問服務業
27271,王品一,觀光餐旅,106.85,65,228,233.4,97.68637532,9.380657895,-,-,2023/3/29,2026/3/29,100.7519,2028/3/29,100,-1.487938031,-0.031408893,4.01,14.86,24.49,65,65,0,0,4,7000,6999,99.98,無,餐館業
27323,六角三,觀光餐旅,100.65,0,65.7,124.8,52.64423077,91.1890411,2026/03/19,2026/04/15,2024/1/26,2027/1/26,100,2027/1/26,100,-0.007435894,-0.007435894,0,22.84,27.35,-,-,-,-,5,6000,393,6.55,無,經營連鎖餐飲品牌
27324,六角四,觀光餐旅,103.5,0,65.7,74.3,88.42530283,17.04794521,2026/03/19,2026/04/15,2025/12/8,2027/12/8,101,2028/12/8,100,-0.013928002,-0.012355351,0,22.84,27.35,-,-,-,-,5,6000,6000,100,無,經營連鎖餐飲品牌
27431,山富一,觀光餐旅,103.2,20,71.8,101.9,70.46123651,46.46350975,-,-,2025/8/28,2027/8/28,101.0025,2028/8/28,100,-0.014636847,-0.012617424,0,29.02,45.53,20,19,0,0,4,3000,3000,100,無,團體、客製化旅遊、機票、訂房、自由行、高鐵假期、企業差旅等、團體旅行包括出境旅遊、入境旅遊、國內旅遊和遊覽車接送服務
27451,五福一,觀光餐旅,111,1,105.5,111.3,94.78885894,17.10236967,-,-,2026/1/5,2028/1/5,101.0025,2029/1/5,101.5075,-0.049734739,-0.030393453,1.78,26.82,44.36,1,0,0,0,4,3000,3000,100,無,提供國內外旅客團體旅遊商品或居間勞務銷售與服務
27531,八方雲集一,觀光餐旅,107.95,5,185.5,207.6,89.35452794,20.81088949,-,-,2025/10/9,2028/10/9,100,2028/10/9,100,-0.028626731,-0.028626731,0,26.07,31.79,5,5,0,0,4,8000,8000,100,無,餐飲銷售及連鎖加盟
27532,八方雲集二,觀光餐旅,109,5,185.5,205.6,90.22373541,20.81078167,-,-,2025/10/20,2028/10/20,100,2028/10/20,100,-0.031723805,-0.031723805,0,26.07,31.79,5,5,0,0,4,2000,2000,100,無,餐飲銷售及連鎖加盟
27551,揚秦一,觀光餐旅,171,4,150,86.7,173.0103806,-1.162,2026/03/28,2026/05/26,2025/1/15,2028/1/15,100,2028/1/15,100,-0.225856494,-0.225856494,1.77,32.39,36.05,4,0,0,0,5,2000,1126,56.3,無,連鎖餐飲之經營及相關產品銷售
27561,聯發國際一,觀光餐旅,105,0,75.5,90.1,83.79578246,25.30463576,2026/03/19,2026/04/15,2024/5/30,2026/5/30,101.0025,2027/5/30,100,-0.182843045,-0.03941259,0,30.49,39.33,-,-,-,-,5,3000,2950,98.33,無,經營連鎖餐飲品牌
29061,高林一,貿易百貨,98.15,40,12.65,16.8,75.29761905,30.34940711,2026/04/19,2026/06/17,2023/9/20,2026/9/20,100,2026/9/20,100,0.03640093,0.03640093,0,15.1,23.17,40,40,0,0,5,10000,4600,46,無,國際貿易、進口服飾零售、生技醫療產業
30061,晶豪科一,電子–半導體,189,38,161,83.6,192.5837321,-1.860869565,-,-,2023/10/27,2026/10/27,100,2026/10/27,100,-0.760523482,-0.760523482,3.68,77.79,66.56,35,3,0,0,5,10000,3319,33.19,無,積體電路收入100%(動、靜態隨機存取記憶體(DRAM/SRAM)、快閃記憶體(FLASH)、類比積體電路、類比與數位混合積體電路、與本公司業務相關之產品設計及研發之技術服務)
30134,晟銘電四,電子–電腦及週邊設備,117.5,31,100.5,143.8,69.88873435,68.12437811,-,-,2024/10/18,2027/10/18,100,2027/10/18,100,-0.093404986,-0.093404986,1.59,44.16,54.44,31,31,0,0,5,5000,5000,100,有，兆豐國際商業銀行股份有限公司、中國信託商業銀行股份有限公司,PC、NB、Server、TV及行動產品等機構件與沖壓、射出、組裝、銷售、精密模具設計製造銷售
30165,嘉晶五,電子–半導體,110.9,0,59.8,71.4,83.7535014,32.41237458,-,-,2024/7/26,2027/7/26,100,2027/7/26,100,-0.072037474,-0.072037474,0.16,68.23,62.09,-,-,-,-,6,5000,5000,100,無,矽磊晶、化合物半導體磊晶晶圓之開發、製造與銷售
30321,偉訓一,電子–電子零組件,92.95,5,68,105.9,64.2115203,44.75595588,-,-,2025/11/13,2027/11/13,101.0025,2028/11/13,101.5075,0.052008056,0.034500979,0,41.91,54.14,-,-,-,-,7,10000,10000,100,無,電腦機殼產品、電源供應器等資訊產品
30322,偉訓二,電子–電子零組件,92.95,4,68,101.9,66.73209028,39.28830882,-,-,2025/11/25,2027/11/25,101.0025,2030/11/25,100,0.051001449,0.016133006,0,41.91,54.14,3,0,0,0,7,10000,10000,100,無,電腦機殼產品、電源供應器等資訊產品
30336,威健六,電子–電子通路,127.4,0,30.4,24.84,122.3832528,4.099210526,-,-,2022/6/1,2026/6/1,102,2027/6/1,100,-0.932958982,-0.177202675,0,24.32,27.24,-,-,-,-,6,20000,4259,21.29,無,電子零組件暨周邊設備之代理銷售
30337,威健七,電子–電子通路,103.8,0,30.4,34.44,88.26945412,17.59447368,-,-,2024/9/11,2027/9/11,100,2029/9/11,100,-0.024517863,-0.010471971,0,24.32,27.24,-,-,-,-,6,25000,25000,100,無,電子零組件暨周邊設備之代理銷售
30371,欣興一,電子–電子零組件,308,270,508,164.1,309.567337,-0.506299213,-,-,2025/11/3,2028/11/3,100,2030/11/3,100,-0.255698658,-0.145509744,2.32,67.9,63.66,133,223,0,0,4,40000,20766,51.91,無,PCB製造
30401,遠見一,其他,110.3,1,48.55,47.2,102.8601695,7.232955716,2026/04/10,2026/06/08,2025/6/30,2027/6/30,102.01,2028/6/30,100,-0.058120573,-0.040673408,0.01,51.02,52.16,-,-,-,-,6,5000,3485,69.7,無,租賃服務收入、教育相關電子產品及軟件
30454,台灣大四,電子–通信網路,97.9,8,106.5,118.2,90.10152284,8.655211268,2026/03/31,2026/05/29,2025/2/24,2028/2/24,100,2030/2/24,100,0.011011839,0.005429555,0,12.11,14.87,4,0,0,0,2,70000,70000,100,無,零售相關服務52.37%、電信46.43%、有線電視及寬頻3.65%、其他0.33%(通訊業)
30455,台灣大五,電子–通信網路,102.4,1,106.5,111.3,95.68733154,7.015211268,2026/03/31,2026/05/29,2025/2/25,2028/2/25,100,2030/2/25,100,-0.012015011,-0.005928404,0,12.11,14.87,1,0,0,0,2,30000,30000,100,無,零售相關服務52.37%、電信46.43%、有線電視及寬頻3.65%、其他0.33%(通訊業)
30882,艾訊二,電子–電腦及週邊設備,107,0,81.7,88.5,92.31638418,15.90575275,2026/03/29,2026/05/27,2023/8/28,2026/8/28,100,2026/8/28,100,-0.143846414,-0.143846414,1.92,26.35,35.25,-,-,-,-,5,8000,3686,46.07,無,智能物聯網產品、智能設計服務產品、博奕產品
30922,鴻碩二,電子–電子零組件,98.05,10,32.1,36,89.16666667,9.962616822,2026/03/29,2026/05/27,2023/7/4,2026/7/4,100,2026/7/4,100,0.06539686,0.06539686,-0.83,65.86,56.15,-,-,-,-,9,2500,428,17.12,無,連接線99.16%、不動產租賃0.84%(製造、銷售各種電腦訊號線，連接器，連接線)
30954,及成四,電子–通信網路,117,43,31.5,39.5,79.74683544,46.71428571,-,-,2025/2/25,2027/2/25,100,2028/2/25,100,-0.152836277,-0.074486219,0,38.59,49.48,37,43,0,0,9,1500,1500,100,有，陽信商業銀行股份有限公司,各種精密五金、塑膠電子零組件、精密嵌件(INSERTPARTS)之產製、五金模具、塑膠模具之設計、製造、上述相關材料之加工及買賣
31222,笙泉二,電子–半導體,99.7,0,25.6,42.3,60.52009456,64.73867188,-,-,2024/5/3,2026/5/3,101.0025,2027/5/3,101.5075,0.097314904,0.015983639,-0.31,48.62,53.52,-,-,-,-,7,2000,1991,99.55,無,研發、設計及銷售各種積體電路
31282,昇銳二,電子–光電,98.8,5,26.3,37.8,69.57671958,42.00152091,-,-,2023/7/3,2026/7/3,100,2026/7/3,100,0.040301803,0.040301803,0,35.9,61.56,-,-,-,-,7,3000,1083,36.1,無,各種電子監視系統之製造加工、各種電子監視系統及其另件之買賣及安裝業務、前項有關產品及其原材料之進出口業務
31311,弘塑一,電子–其他電子,133,338,1965,1736.5,113.1586525,17.53409669,-,-,2025/7/30,2028/7/30,100,2030/7/30,100,-0.104336302,-0.056673285,0,57.34,59.23,158,133,0,0,5,10000,10000,100,無,半導體及積體電路製造設備之工程承包、製造、買賣及維修工程、化學品：工業級、試藥級、電子級混酸（蝕刻液）、電鑄藥液、半導體相關之機械安裝、電子零組件製造
31312,弘塑二,電子–其他電子,136.55,237,1965,1626.6,120.8041313,13.03421374,-,-,2025/8/5,2028/8/5,100,2030/8/5,100,-0.111783347,-0.06090938,0,57.34,59.23,225,216,0,0,5,10000,9998,99.98,無,半導體及積體電路製造設備之工程承包、製造、買賣及維修工程、化學品：工業級、試藥級、電子級混酸（蝕刻液）、電鑄藥液、半導體相關之機械安裝、電子零組件製造
31351,凌航一,電子–半導體,213,72,110,50.85,216.3225172,-1.535909091,-,-,2025/12/4,2027/12/4,102.01,2028/12/4,100,-0.302375408,-0.194611555,0,76.47,0,15,28,0,0,6,10000,8589,85.89,無,電子零組件製造業、資訊軟體服務業、國際貿易業務
31382,耀登二,電子–通信網路,159,255,184,114.7,160.418483,-0.88423913,-,-,2025/1/10,2028/1/10,100,2028/1/10,100,-0.203363741,-0.203363741,0,64.55,56.29,6,228,0,0,6,7000,4538,64.82,無,射頻應用產品之天線研發製造及相關進出口貿易業務、人體手持、穿戴與植入系統的安全性與電磁相容之評估服務、代理精密量測儀器及國內外廠商產品之投標報價經銷業務
31413,晶宏三,電子–半導體,99.05,0,44.7,93.6,47.75641026,107.4067114,2026/03/24,2026/05/22,2024/5/20,2026/5/20,100,2027/5/20,100,0.053041776,0.008122406,0.49,48.07,48.29,-,-,-,-,6,8000,8000,100,無,LCD驅動IC之設計與產銷
31672,大量二,電機機械,232,279,390.5,169.1,230.9284447,0.464020487,-,-,2025/8/6,2028/8/6,100,2028/8/6,100,-0.237339901,-0.237339901,2.68,69.13,70.07,1,230,0,0,6,5000,3884,77.68,無,各種機器之設計製造加工及買賣、各種模具之設計製造加工及買賣、上項有關業務之進出口貿易業務
31882,鑫龍騰二,建材營建,104.5,61,34.25,31.4,109.0764331,-4.195620438,2026/03/09,2026/04/02,2025/6/20,2027/6/20,102.01,2028/6/20,100,-0.018824955,-0.018982734,1.12,27.37,33.72,0,23,0,0,7,6000,5277,87.95,無,住宅及大樓開發租售業、建材批發業、一般廣告服務業
32071,耀勝一,電子–電子零組件,101.1,2,67.6,100.99,66.93732053,51.03681953,2026/04/27,2026/06/25,2024/3/25,2026/3/25,102.01,2027/3/25,100,0.328536103,-0.010590175,0,45.92,49.56,2,0,0,0,7,5000,4539,90.78,無,電視/伺服器/工業用/Inverter/汽機車/綠能等各式變壓器與線圈
32571,虹冠電一,電子–半導體,106.4,0,55.9,72.2,77.42382271,37.4254025,2026/05/05,2026/05/30,2024/11/1,2027/11/1,101.5075,2029/11/1,100,-0.028160205,-0.016544753,0.77,49.49,49.92,-,-,-,-,6,5000,5000,100,無,功率積體電路(PowerIC)、電源模組(PowerModule)、場效電晶體(MOSFET)
32608,威剛八,電子–半導體,163,345,359.5,244,147.3360656,10.63143255,-,-,2026/1/8,2028/1/8,101.0025,2029/1/8,100,-0.209079454,-0.136964679,13.1,70.13,58.92,331,80,0,0,5,20000,20000,100,無,DRAM產品69.21%、NANDFLASH及其他產品30.79%(電子零組件製造業、電子材料批發業、製造輸出業)
32723,東碩三,電子–電腦及週邊設備,83.75,5,17.25,34.2,50.43859649,66.04347826,2026/04/11,2026/06/09,2024/3/7,2027/3/7,100.7518,2029/3/7,100,0.207555734,0.065092735,0,29.29,40.67,0,1,0,0,8,3000,2997,99.9,無,USB萬用匯流埠等電腦週邊設備之研發、產製、居家智能應用之軟、韌、硬體之開發整合、前項有關產品及原料之進出口貿易業務
32843,太普高三,其他,95.95,0,19.4,23.91,81.13759933,18.25590206,-,-,2025/9/15,2027/9/15,101.0025,2028/9/15,100,0.035009174,0.016837663,0,42.12,42.33,-,-,-,-,7,2000,2000,100,無,印刷預塗式平版及鋁版素材、感光呈像用光阻劑，顯影劑
33035,岱稜五,電子–其他電子,99.5,0,47.1,58.6,80.37542662,23.7940552,2026/03/24,2026/05/22,2024/11/26,2027/11/26,101.5075,2029/11/26,100,0.011858609,0.001356635,1.05,23.47,34.59,-,-,-,-,6,5000,5000,100,無,真空蒸鍍薄膜95.22%、光電材料4.78%(真空蒸鍍薄膜之製造加工、買賣及其原材料之買賣、電子膠帶、保護膜等光電材料之製造加工買賣、前各項相關產品之進出口貿易業務、)
33055,昇貿五,電子–其他電子,145.5,5,102,73.3,139.154161,4.560294118,2026/04/13,2026/06/11,2023/12/25,2026/12/25,100,2026/12/25,100,-0.400494363,-0.400494363,0,67.51,65.99,0,5,0,0,6,8000,805,10.06,無,經營銲錫絲、銲錫棒、BGA錫球及銲錫膏等之製造及銷售
33121,弘憶股一,電子–電子通路,95.1,0,33.2,73.2,45.35519126,109.6783133,-,-,2024/6/25,2027/6/25,100,2027/6/25,100,0.04027092,0.04027092,0,40.53,50.08,-,-,-,-,6,10000,9999,99.99,無,電子零組件之製造加工及買賣業務、電腦系統設備、主機板、介面卡與電腦週邊設備製造加工及賣賣、一般進出口貿易業務、租賃業
33133,斐成三,其他,107.5,64,12.45,15.7,79.29936306,35.562249,-,-,2024/11/29,2027/11/29,100,2027/11/29,100,-0.040809481,-0.040809481,-0.04,54.46,48.82,57,56,0,0,8,4000,3943,98.57,有，元大商業銀行股份有限公司,住宅及大樓開發租售業務、建材批發、綜合營造
33225,建舜電五,電子–電子零組件,98,1,13.7,23.54,58.19881054,68.38832117,2026/02/10,2026/03/17,2024/9/2,2026/9/2,101.0025,2027/9/2,100,0.065396378,0.01389735,-0.21,39.41,46.63,1,0,0,0,6,1500,1500,100,無,線裝類(含連接器)、電子產品、天線
33233,加百裕三,電子–電腦及週邊設備,110,5,35.4,32.6,108.5889571,1.299435028,-,-,2023/6/2,2026/6/2,101.5075,2026/6/2,101.5075,-0.356704545,-0.356704545,0,55.4,59.36,-,-,-,-,6,4000,573,14.32,無,電子零組件製造業，電池製造業，電器零售業、電子材料批發業，電子材料零售業，電器批發業、國際貿易業
33245,雙鴻五,電子–其他電子,171,91,1055,734.4,143.6546841,19.03545024,2026/03/23,2026/05/21,2024/7/31,2027/7/31,101.5075,2029/7/31,100,-0.294894522,-0.122811757,10.13,55.27,56.39,87,66,0,0,4,15000,14985,99.9,無,散熱模組
33246,雙鴻六,電子–其他電子,143,318,1055,1124,93.86120996,52.35260664,-,-,2026/3/2,2029/3/2,101.5075,2031/3/2,100,-0.097790794,-0.060537918,10.13,55.27,56.39,315,221,0,0,4,30000,30000,100,無,散熱模組
33466,麗清六,汽車工業,95.2,0,19.7,36.5,53.97260274,76.3857868,-,-,2024/11/27,2026/11/27,100.5,2027/11/27,100,0.079067619,0.029587398,0,32.92,37.64,-,-,-,-,7,3000,3000,100,無,電子材料批發業、國際貿易業(限工廠產品)、電子零組件製造業
33571,臺慶科一,電子–電子零組件,151,30,162,107.4,150.8379888,0.107407407,2026/03/31,2026/05/29,2023/10/31,2026/10/31,100,2026/10/31,100,-0.535991938,-0.535991938,2.42,58.54,51.32,23,16,0,0,4,11000,4913,44.66,無,線圈、晶片、網路變壓器
33621,先進光一,電子–光電,102.5,10,97,251,38.64541833,165.2319588,-,-,2024/7/16,2027/7/16,100.75,2029/7/16,100,-0.012769892,-0.007303067,0.09,41.96,49.8,10,10,0,0,7,12000,11999,99.99,有，臺灣土地銀行股份有限公司,光學鏡片加工製造買賣、鏡片組合裝配製造買賣、光學原器加工製造買賣
33763,新日興三,電子–電子零組件,133,34,197,195.2,100.9221311,31.78477157,-,-,2024/8/23,2027/8/23,101.51,2029/8/23,100,-0.164296435,-0.072047661,0,47.24,53.94,22,20,0,0,4,8000,7969,99.61,無,NB、液晶顯示幕、手機、3C電子等樞紐之研發、製造及銷售、精密金屬沖壓件、精密彈簧製品
33881,崇越電一,電子–電子零組件,105.8,11,62.5,62.8,99.52229299,6.30784,2026/03/27,2026/05/25,2022/11/9,2027/11/9,100,2027/11/9,100,-0.033128231,-0.033128231,1.09,7.64,16.58,10,2,0,0,4,7000,6999,99.98,無,化學品89.6%、一般貿易8.13%、其他2.27%(代理銷售特用化學材料、特殊設備及一般貿易業)
33902,旭軟二,電子–電子零組件,116.9,0,21.55,24.2,89.04958678,31.27517401,-,-,2025/2/21,2028/2/21,100,2028/2/21,100,-0.074530117,-0.074530117,0,39.08,37.2,-,-,-,-,7,2000,2000,100,有，中國信託商業銀行股份有限公司,軟性印刷電路板
34163,融程電三,電子–電腦及週邊設備,123,0,148,127.1,116.4437451,5.630405405,-,-,2024/1/25,2027/1/25,100,2027/1/25,100,-0.215987445,-0.215987445,2.09,36.35,38.28,-,-,-,-,5,5000,4197,83.94,無,強固型工業用行動電腦、強固型顯示器、其他
34793,安勤三,電子–電腦及週邊設備,106.8,1,89.4,109.3,81.79322964,30.57315436,-,-,2024/1/22,2027/1/22,100,2027/1/22,100,-0.074248244,-0.074248244,0,27.85,35.96,1,1,0,0,5,6500,6500,100,無,單板電腦、系統產品、產業電腦週邊
34834,力致四,電子–電腦及週邊設備,105.05,0,80.4,136.1,59.07421014,77.82717662,2026/03/27,2026/05/25,2024/5/22,2027/5/22,100,2027/5/22,100,-0.040522879,-0.040522879,0.62,34.02,43.38,-,-,-,-,6,2000,2000,100,無,NBThermalModule、Others
34843,崧騰三,電子–電子零組件,114,1,46.8,42.2,110.9004739,2.794871795,-,-,2023/4/24,2026/4/24,100.75,2028/4/24,100,-1.06058114,-0.058138212,0,22.51,34.82,1,0,0,0,5,4000,2545,63.62,無,變頻控制器、電控裝置產品、其他
35161,亞帝歐一,電子–光電,104.05,0,19.65,25.81,76.13328167,36.66821883,-,-,2024/10/18,2027/10/18,100,2027/10/18,100,-0.024410845,-0.024410845,0,22.73,30.88,-,-,-,-,7,3500,3500,100,有，永豐商業銀行股份有限公司,照明產品設計組裝
35181,柏騰一,電子–其他電子,104,0,20.15,34.9,57.73638968,80.12903226,-,-,2024/8/15,2027/8/15,100,2027/8/15,100,-0.027101277,-0.027101277,0,41.38,47.33,-,-,-,-,8,3000,3000,100,有，台新國際商業銀行股份有限公司,PVD外觀鍍膜表面處理
35221,御嵿一,觀光餐旅,105,0,14.1,18.2,77.47252747,35.53191489,-,-,2023/12/18,2026/12/18,101.5075,2026/12/18,101.5075,-0.043671206,-0.043671206,0,37.99,39.97,-,-,-,-,9,1500,1231,82.06,有，兆豐國際商業銀行股份有限公司,餐飲收入97.71%、旅遊收入2.29%、管理顧問收入%(餐飲收入、旅遊收入、其他)
35265,凡甲五,電子–電子零組件,180,0,288.5,161.2,178.9702233,0.575389948,-,-,2022/2/14,2027/2/14,100,2027/2/14,100,-0.482804233,-0.482804233,0,29.01,34.36,-,-,-,-,5,8000,2326,29.07,無,電子連接器、連接線及其零組件之研發、生產、銷售及前述有關產品、之進出口貿易業務，若按終端應用主要可區分為伺服器、汽車、筆記、型電腦、工業電腦、網通設備、醫療設備等連接器及高速連接線
35266,凡甲六,電子–電子零組件,145,0,288.5,200.3,144.0339491,0.670710572,-,-,2024/1/29,2027/1/29,100,2029/1/29,100,-0.353987069,-0.107779127,0,29.01,34.36,-,-,-,-,5,10000,7867,78.67,無,電子連接器、連接線及其零組件之研發、生產、銷售及前述有關產品、之進出口貿易業務，若按終端應用主要可區分為伺服器、汽車、筆記、型電腦、工業電腦、網通設備、醫療設備等連接器及高速連接線
35267,凡甲七,電子–電子零組件,124.2,31,288.5,269.6,107.0103858,16.06350087,-,-,2025/7/24,2028/7/24,100,2030/7/24,100,-0.082504829,-0.044672841,0,29.01,34.36,21,27,0,0,5,15000,15000,100,無,電子連接器、連接線及其零組件之研發、生產、銷售及前述有關產品、之進出口貿易業務，若按終端應用主要可區分為伺服器、汽車、筆記、型電腦、工業電腦、網通設備、醫療設備等連接器及高速連接線
35431,州巧一,電子–光電,137,48,51.5,45,114.4444444,19.70873786,-,-,2025/12/26,2028/12/26,100,2028/12/26,100,-0.096928852,-0.096928852,-1.08,66.24,63.94,43,48,0,0,6,4000,4000,100,有，中國信託商業銀行,光電電子零組件、模具、金屬傢俱及醫療用品製造加工與進出口業務
35482,兆利二,電子–電子零組件,101,0,83,186,44.62365591,126.3373494,-,-,2024/1/8,2027/1/8,100,2027/1/8,100,-0.012086493,-0.012086493,0,37.92,44.5,-,-,-,-,4,8000,7999,99.98,無,NB、LCD、手機、3C電子等產品的扭力轉軸之研發設計、製造及銷售、光纖連接器之研發設計、製造及銷售
35483,兆利三,電子–電子零組件,100.2,30,83,162.8,50.98280098,96.53686747,-,-,2025/2/25,2028/2/25,100,2030/2/25,100,-0.001023234,-0.000504881,0,37.92,44.5,30,18,0,0,4,15000,15000,100,無,NB、LCD、手機、3C電子等產品的扭力轉軸之研發設計、製造及銷售、光纖連接器之研發設計、製造及銷售
35513,世禾三,綠能環保,127.45,12,180,173,104.0462428,22.49361111,-,-,2025/10/28,2028/10/28,100,2028/10/28,100,-0.082059689,-0.082059689,2.24,44.28,47.89,10,6,0,0,5,5000,5000,100,無,半導體設備、光電設備、太陽能設備零組件之潔淨再生、維修、半導體設備、光電設備、太陽能設備零組件之買賣、零組件製程之研發設計、製造加工及組裝
35642,其陽二,電子–通信網路,96,0,44.1,83.9,52.56257449,82.63945578,-,-,2024/9/3,2027/9/3,100,2027/9/3,100,0.028320919,0.028320919,0.14,43.92,53.07,-,-,-,-,6,5000,5000,100,無,網路安全相關產品之設計、製造及銷售
35831,辛耘一,電子–半導體,124,10,384,349.3,109.934154,12.79479167,-,-,2024/6/7,2026/6/7,100,2027/6/7,100,-0.841013825,-0.157338889,4.11,44.96,47.8,7,10,0,0,4,2000,2000,100,無,半導體/LED/Solar/LCD等製程機台設備代理、研發與製造、晶圓再生技術研發與服務、化學分析儀器代理技術、研發與製造
35832,辛耘二,電子–半導體,129.05,55,384,337.4,113.8114997,13.38924479,-,-,2024/6/19,2026/6/19,100,2027/6/19,100,-0.855873854,-0.178229696,4.11,44.96,47.8,37,34,0,0,4,10000,9988,99.88,無,半導體/LED/Solar/LCD等製程機台設備代理、研發與製造、晶圓再生技術研發與服務、化學分析儀器代理技術、研發與製造
35871,閎康一,電子–其他電子,106.4,10,187.5,192,97.65625,8.9536,2026/02/26,2026/03/24,2023/6/20,2026/6/20,100,2026/6/20,100,-0.226339043,-0.226339043,1.84,36.78,44.51,9,10,0,0,4,6000,4505,75.08,無,檢測分析服務
35872,閎康二,電子–其他電子,125,40,187.5,198,94.6969697,32,-,-,2026/2/4,2029/2/4,100,2031/2/4,100,-0.069063387,-0.040850588,1.84,36.78,44.51,38,36,0,0,4,7000,7000,100,無,檢測分析服務
35914,艾笛森四,電子–光電,98.75,0,20.1,24.5,82.04081633,20.36691542,-,-,2024/11/22,2027/11/22,100,2027/11/22,100,0.007488255,0.007488255,-0.13,30.3,36.78,-,-,-,-,6,3000,3000,100,無,LED照明產品、LED車用產品及傳感器元件之研發製造銷售
36053,宏致三,電子–電子零組件,124.5,0,59.6,50.5,118.019802,5.490771812,-,-,2024/8/6,2027/8/6,101.5075,2027/8/6,101.5075,-0.132431691,-0.132431691,0.84,37.75,45.51,-,-,-,-,5,10000,1341,13.41,無,電子、電腦、車用、網通、消費性電子、工業、醫療等連接器及配件、電子線連接線組、無線通訊射頻連接器線組、金屬沖壓件、前各項及各式零組件等產品之研發、生產及銷售等業務
36173,碩天三,電子–其他電子,102,3,178,287.3,61.9561434,64.63258427,-,-,2025/6/16,2028/6/16,100,2028/6/16,100,-0.008685513,-0.008685513,0,34.62,42.81,1,3,0,0,4,15000,15000,100,無,不斷電電源供應系統之設計製造及銷售業務、電源保護與電源管理系統之設計製造及銷售業務、電力電子相關設備之設計製造及銷售業務
36804,家登四,電子–半導體,124.5,17,381,354,107.6271186,15.67716535,-,-,2023/10/18,2026/10/18,100,2026/10/18,100,-0.331001425,-0.331001425,0,46.83,49.52,17,14,0,0,5,10000,3561,35.61,無,光罩解決方案產品、晶圓解決方案產品、機台設備產品
36841,榮昌一,電子–通信網路,120,2,60.2,50.7,118.7376726,1.063122924,-,-,2025/10/28,2027/10/28,102.01,2028/10/28,100,-0.092431729,-0.063500348,0.95,52.56,43.99,2,2,0,0,6,3000,2876,95.86,無,高頻/車用連接線室內外天線工業用次系統產品等製造加工買賣業務、一般進出口貿易業務(期貨除外)、有關前項業務之代理經銷報價及投標業務
36872,歐買尬二,數位雲端,99.95,0,67.7,75.9,89.19631094,12.05620384,-,-,2025/10/2,2027/10/2,100.500625,2028/10/2,100,0.003552627,0.000195913,0,33.17,38.86,-,-,-,-,5,4000,4000,100,無,資訊軟體服務業、資訊處理服務業、、電子資訊供應服務業、、除許可業務外，得經營法令非禁止或限制之業務
36873,歐買尬三,數位雲端,102.35,0,67.7,80.1,84.51935081,21.0965288,-,-,2025/10/3,2027/10/3,100,2028/10/3,100,-0.014780524,-0.008982376,0,33.17,38.86,-,-,-,-,5,2000,1999,99.95,無,資訊軟體服務業、資訊處理服務業、、電子資訊供應服務業、、除許可業務外，得經營法令非禁止或限制之業務
36894,湧德四,電子–電子零組件,169,0,102.5,61.7,166.1264182,1.729756098,2026/03/29,2026/05/27,2024/3/5,2027/3/5,100,2027/3/5,100,-0.419784982,-0.419784982,2.03,44.61,48.64,-,-,-,-,6,5000,73,1.46,無,銷貨收入100%(整合型訊號連接器)
36913,碩禾三,電子–光電,116.8,25,116,118,98.30508475,18.8137931,2026/04/14,2026/06/12,2024/8/30,2027/8/30,100,2027/8/30,100,-0.098499062,-0.098499062,0,56.74,56.5,21,15,0,0,7,20000,20000,100,有，上海商業銀行、合作金庫商業銀行、彰化商業銀行,太陽能導電漿
37012,大眾控二,電子–電腦及週邊設備,105,5,62.7,63.96,98.03001876,7.110047847,-,-,2023/5/31,2026/5/31,100,2026/5/31,100,-0.225726654,-0.225726654,0,71.36,64.27,-,-,-,-,6,6000,220,3.66,無,H201010一般投資業
370201,大聯大E1,電子–電子通路,142.75,406,235.5,160.8,146.4552239,-2.529936306,-,-,2026/1/14,2029/1/14,100,2029/1/14,100,-0.105509876,-0.105509876,1.7,26.53,31.38,87,323,63,50,4,30000,30000,100,無,電子零組件銷售100%(一般投資業、國際貿易業、產業控股公司業)
37022,大聯大二,電子–電子通路,106.6,158,74.5,76.9,96.87906372,10.03409396,-,-,2024/11/11,2027/11/11,100,2027/11/11,100,-0.037291253,-0.037291253,1.7,26.53,31.38,149,155,0,0,4,35000,35000,100,無,電子零組件銷售100%(一般投資業、國際貿易業、產業控股公司業)
37023,大聯大三,電子–電子通路,108.15,94,74.5,74.6,99.86595174,8.295167785,-,-,2024/11/21,2027/11/21,100,2027/11/21,100,-0.044652239,-0.044652239,1.7,26.53,31.38,86,66,0,0,4,20000,20000,100,無,電子零組件銷售100%(一般投資業、國際貿易業、產業控股公司業)
37075,漢磊五,電子–半導體,139.1,16,56.3,40.1,140.3990025,-0.925222025,-,-,2025/8/20,2028/8/20,101.5075,2030/8/20,100,-0.110959676,-0.063371742,-0.47,62.32,61.16,7,1,0,0,7,10000,4869,48.69,無,功率半導體及類比積體電路的晶圓代工
37083,上緯投控三,綠能環保,152,7,130,86.4,150.462963,1.021538462,2026/03/30,2026/05/28,2021/9/27,2026/9/27,100,2026/9/27,100,-0.637083781,-0.637083781,35.04,56.34,58.25,7,7,0,0,6,10000,2999,29.99,有，第一商業銀行股份有限公司,一般投資業
37084,上緯投控四,綠能環保,152,0,130,83,156.626506,-2.953846154,2026/03/30,2026/05/28,2021/9/28,2026/9/28,100,2026/9/28,100,-0.633849853,-0.633849853,35.04,56.34,58.25,-,-,-,-,6,10000,627,6.27,無,一般投資業
37151,定穎投控一,電子–電子零組件,146,258,166,140,118.5714286,23.13253012,-,-,2026/1/21,2029/1/21,100,2029/1/21,100,-0.110258869,-0.110258869,0.3,70.37,66.57,119,84,0,0,6,5000,5000,100,無,一般投資業
37171,聯嘉投控一,汽車工業,112.45,238,19,17.5,108.5714286,3.572368421,-,-,2026/1/21,2028/1/21,100.5,2029/1/21,100.75,-0.057294461,-0.036411197,0,36.45,0,230,187,0,0,7,7000,7000,100,有，安泰商業銀行股份有限公司,LED車燈模組及元件、LED號誌燈、路燈、節能照明產品及模組、LED背光源元件及模組
41135,聯上五,建材營建,108,10,19.05,26.3,72.43346008,49.1023622,-,-,2025/10/27,2028/10/27,100,2030/10/27,100,-0.028251867,-0.016026697,0,32.98,38.6,0,10,0,0,7,4000,4000,100,有，板信商業銀行,不動產買賣及租賃業、國際貿易業
41236,晟德六,生技醫療,125,0,43.75,38.6,113.3419689,10.28571429,-,-,2023/4/26,2028/4/26,100,2028/4/26,100,-0.094437257,-0.094437257,8.81,34.88,34.3,-,-,-,-,6,7000,6362,90.88,有，永豐商業銀行股份有限公司忠孝分公司,西藥製造業、西藥批發業、西藥零售業
41237,晟德七,生技醫療,112.7,0,43.75,39.3,111.3231552,1.2368,-,-,2023/4/27,2026/4/27,103.03,2028/4/27,100,-0.728327934,-0.053141243,8.81,34.88,34.3,-,-,-,-,6,25000,17937,71.74,無,西藥製造業、西藥批發業、西藥零售業
41295,聯合五,生技醫療,116.5,1,118,105.6,111.7424242,4.257627119,-,-,2025/5/29,2028/5/29,101.5075,2030/5/29,100,-0.058278177,-0.033655781,0,30.97,35.37,1,1,0,0,6,7000,6999,99.98,無,骨科用人工植入物：包括人工關節、人工骨板、骨釘、骨針等
41372,麗豐二KY,生技醫療,100,0,107,141.3,75.72540694,32.05607477,2026/03/31,2026/05/29,2024/8/12,2026/8/12,100.5,2027/8/12,100,0.012166667,0,1.83,21.48,28.04,-,-,-,-,4,11000,11000,100,無,美容產品與護理套組之研發、製造及銷售業務、特許經營美容連鎖加盟店之經營與推廣業務、除許可業務外，得經營法令非禁止或限制之業務
41645,承業醫五,生技醫療,103,0,30.9,47,65.74468085,56.66666667,-,-,2025/6/20,2028/6/20,100.752,2030/6/20,100,-0.009621031,-0.006823535,0.36,32.74,39.84,-,-,-,-,6,9000,9000,100,無,放射腫瘤、神經科學、影像醫學、眼科及外科/手術等儀器設備銷售、維修保養、出租及其相關零配件、耗材之銷售及藥品銷售、一般投資業
41684,醣聯四,生技醫療,112,162,24.2,23.91,101.2128816,10.65785124,-,-,2025/9/18,2028/9/18,100,2028/9/18,100,-0.042600373,-0.042600373,-0.73,42.26,51.91,162,161,0,0,7,5000,5000,100,有，臺灣土地銀行,抗癌用之單株抗體開發、單株抗體標的授權、醣質抗原與蛋白質藥物相關委託服務
41903,佐登三KY,生技醫療,92,305,28.55,54.2,52.67527675,74.65499124,-,-,2024/7/11,2026/7/11,101.0025,2027/7/11,100,0.302681697,0.065712485,0,11.27,26.76,0,278,0,0,7,7000,6417,91.67,無,美容美體產品、美容美體SPA課程
44163,三圓三,建材營建,101.1,0,14.7,65.7,22.37442922,351.855102,2026/04/25,2026/06/23,2022/9/30,2026/9/30,102.01,2027/9/30,102.52,0.016509352,0.009089729,0.82,50.63,43.1,-,-,-,-,8,10000,9559,95.59,有，第一商業銀行股份有限公司,委託營造廠商興建商業大樓、國民住宅出租出售業務、室內裝潢設計工程承攬及有關裝潢材料之進出口買賣
44383,廣越三,紡織纖維,101.5,46,58.9,75,78.53333333,29.24448217,-,-,2025/9/30,2028/9/30,100,2028/9/30,100,-0.005800095,-0.005800095,-0.39,28.72,34.73,31,45,0,0,4,8000,8000,100,無,成衣加工、成衣製造、成衣買賣
44391,冠星一KY,紡織纖維,99.9,0,86,100.8,85.31746032,17.09209302,-,-,2025/3/3,2028/3/3,100,2028/3/3,100,0.000508158,0.000508158,0.02,30.84,32.93,-,-,-,-,5,5000,4923,98.46,無,成衣服裝布料之織造、印染、整理加工製造及買賣業務、前項產品及有關紗類原料之買賣，加工及進出口貿易業務
44421,竣邦一KY,紡織纖維,122.9,28,60.9,48.5,125.5670103,-2.123973727,-,-,2025/7/28,2027/7/28,101.0025,2028/7/28,100,-0.130066517,-0.078534154,0,50.72,51.11,1,1,0,0,6,1500,960,64,無,成衣服裝機能性布料之開發、設計、生產及銷售
45102,高鋒二,電機機械,96.6,0,43.2,48.41,89.23776079,8.250138889,-,-,2025/2/26,2027/2/26,100.500625,2028/2/26,100,0.042351685,0.01801794,-0.11,43.43,52.54,-,-,-,-,8,9000,8525,94.72,無,各種工作母機及其零配件及原料之製造加工買賣、塑膠射出成型機等產業機械及其有關零配件及原料、前項有關產品進出口貿易與代理買賣業務
45421,科嶠一,電子–電子零組件,204,35,175,85.9,203.7252619,0.134857143,2026/03/19,2026/04/15,2024/9/6,2026/9/6,100.2502,2027/9/6,100,-1.060747255,-0.344589688,0.33,61.42,59.36,2,32,0,0,7,3000,1277,42.56,無,設計、研發及生產自動化乾燥設備及相關機械設備製造與買賣
45491,桓達一,電機機械,102,0,94.3,154.4,61.07512953,67.00742312,-,-,2024/11/7,2027/11/7,100,2027/11/7,100,-0.011888476,-0.011888476,0,38.21,45.77,-,-,-,-,5,5000,5000,100,無,製程自動化感測器之設計，生產與銷售、電機氣動控制元件之設計，生產與銷售、電子電力控制儀表等整合服務
45554,氣立四,電機機械,103.45,0,35.05,43.4,80.76036866,28.09500713,-,-,2025/6/9,2028/6/9,100,2028/6/9,100,-0.014899078,-0.014899078,0,33.51,43.85,-,-,-,-,7,5000,5000,100,有，彰化商業銀行,氣動執行元件、氣動控制元件、氣源處理元件及氣動輔助元件之研發，生產及銷售
45581,寶緯一,電機機械,100.3,4,19.1,29.8,64.09395973,56.48900524,-,-,2025/8/28,2028/8/28,100,2028/8/28,100,-0.001217085,-0.001217085,-0.03,32.2,37.28,0,4,0,0,8,3000,3000,100,有，華南商業銀行股份有限公司,工業鋁擠型、鋁門窗及建材、其他
45641,元翎一,電機機械,99.6,0,20.05,26.4,75.9469697,31.14413965,2026/05/01,2026/06/29,2023/9/26,2026/9/26,101.5075,2026/9/26,101.5075,0.035847879,0.035847879,-0.32,42.83,46.57,-,-,-,-,6,5500,5500,100,無,各式迷你高壓充氣鋼瓶(charger)及各式高壓容器、CA02990其他金屬製品製造業、C114010食品添加物製造業
45663,時碩工業三,電機機械,117.9,0,54.9,49.6,110.6854839,6.518032787,2026/03/19,2026/04/15,2023/11/27,2026/11/27,100,2026/11/27,100,-0.215624928,-0.215624928,0,34.82,43.4,-,-,-,-,5,8000,397,4.96,無,工業產品精密金屬零件製造販售、汽車產品精密金屬零件製造販售、航太產品精密金屬零件製造販售
45691,六方科一KY,汽車工業,100,0,140.5,203.9,68.90632663,45.12455516,-,-,2025/1/15,2028/1/15,100,2028/1/15,100,0,0,0,46.17,51.63,-,-,-,-,6,5000,5000,100,無,精密金屬零件之機械加工、製造及買賣
45721,駐龍一,電機機械,109,0,144,160.6,89.6637609,21.56527778,2026/03/30,2026/05/28,2024/7/16,2026/7/16,100,2027/7/16,100,-0.245021258,-0.061757407,1.01,24.56,33.8,-,-,-,-,6,5000,5000,100,無,大型飛機機身結構零組件、大型飛機引擎及起落架結構零組件、特殊模治具
45811,光隆精密一KY,汽車工業,97.2,12,49.55,53.4,92.79026217,4.752371342,-,-,2025/8/15,2027/8/15,100.5,2028/8/15,100,0.023922732,0.011894121,0,14.44,27.83,8,0,0,0,5,5000,5000,100,無,精密金屬加工
47223,國精化三,化學工業,138.45,136,185.5,141.3,131.2809625,5.46083558,-,-,2025/10/1,2028/10/1,100,2028/10/1,100,-0.108879613,-0.108879613,0.67,71.84,69.45,123,113,0,0,5,5000,4941,98.82,無,光固化材料51.91%、電子化學材料19.04%、不飽和聚酯樹脂13.12%、塗料樹脂11.8%、其他4.13%(各種工業用合成樹脂，及其他有關化學品之製造、加工、銷售、各種人造樹脂之原物料買賣及工業用合成樹脂之進出口業務、玻纖強化塑膠製品之製造、加工及相關原物料之買賣進出口業務、)
47393,康普三,化學工業,107.5,34,77.9,97.8,79.65235174,34.96148909,-,-,2021/10/28,2026/10/28,100,2026/10/28,100,-0.112181129,-0.112181129,1.02,49.88,50.32,34,34,0,0,5,7000,6945,99.21,有，彰化商業銀行股份有限公司,氧化觸媒生產製造買賣及進出口業務、先進材料生產製造買賣及進出口業務、動力電池材料生產製造買賣及進出口業務
47394,康普四,化學工業,130.7,68,77.9,70.5,110.4964539,18.2843389,-,-,2025/12/17,2028/12/17,100,2030/12/17,100,-0.085054074,-0.049329405,1.02,49.88,50.32,58,66,0,0,5,6000,6000,100,有，第一商業銀行股份有限公司,氧化觸媒生產製造買賣及進出口業務、先進材料生產製造買賣及進出口業務、動力電池材料生產製造買賣及進出口業務
47471,強生一,生技醫療,103.4,0,56.2,59.58,94.32695535,9.618718861,-,-,2023/6/12,2026/6/12,100,2026/6/12,100,-0.134853194,-0.134853194,-0.07,21.2,26.62,-,-,-,-,6,4000,615,15.37,無,西藥之製造，加工，買賣，批發零售，進出口、營養保健食品之加工買賣
47721,台特化一,化學工業,129.6,120,328,323.8,101.297097,27.9404878,-,-,2025/11/27,2028/11/27,100,2028/11/27,100,-0.084376718,-0.084376718,1.51,50.43,52.16,103,103,0,0,6,20000,20000,100,無,半導體特氣及精密化學材料之製造與買賣
49066,正文六,電子–通信網路,104.8,11,26.15,26.6,98.30827068,6.603441683,-,-,2023/6/2,2026/6/2,100,2026/6/2,100,-0.211614649,-0.211614649,0.2,38.95,38.66,1,11,0,0,5,15000,6452,43.01,無,無線區域網路產品類
49165,事欣科五,電子–電腦及週邊設備,167,0,60.7,42.88,141.5578358,17.97298188,-,-,2025/5/14,2027/5/14,102.01,2030/5/14,100,-0.334221205,-0.096276874,0.63,51.93,57.38,-,-,-,-,7,5000,160,3.2,無,航太及國防工業、博奕及工業電腦
49231,力士一,電子–半導體,95,0,31.05,34.66,89.58453549,6.045088567,-,-,2026/1/29,2028/1/29,100,2029/1/29,100,0.028044564,0.018278331,-0.51,42.17,51.58,-,-,-,-,8,2500,2500,100,無,MOSFET100%(MOSFETS)
49674,十銓四,電子–半導體,144.2,197,197,147,134.0136054,7.601015228,-,-,2026/1/15,2029/1/15,100,2029/1/15,100,-0.107887497,-0.107887497,9.59,69.09,59.75,177,125,0,0,5,20000,20000,100,有，台中商業銀行股份有限公司,電子零組件製造業、電腦及其週邊設備之買賣業務、一般電子材料，電子產品之買賣業務
49793,華星光三,電子–通信網路,216,0,401.5,176.5,227.4787535,-5.04607721,2026/03/29,2026/05/27,2024/12/9,2026/12/9,101.0025,2027/12/9,100,-0.722395833,-0.309177474,1.7,66.28,64.82,-,-,-,-,6,6000,4320,72,無,電子零組件製造業及電子材料批發業等相關產業
49794,華星光四,電子–通信網路,199,1,401.5,204.3,196.5247186,1.259526775,2026/03/29,2026/05/27,2024/12/25,2026/12/25,100,2027/12/25,100,-0.637133034,-0.27935833,1.7,66.28,64.82,-,-,-,-,6,2000,1357,67.85,無,電子零組件製造業及電子材料批發業等相關產業
50097,榮剛七,鋼鐵工業,100.4,1,33.05,50.3,65.70576541,52.80242057,-,-,2023/7/31,2026/7/31,101.51,2026/7/31,101.51,0.029241729,0.029241729,0.9,26.55,32.73,1,1,0,0,4,50000,49999,99.99,無,特殊鋼(工具鋼、低合金鋼、軸承鋼、不銹鋼、高速鋼)、碳鋼(含中、高拉鋼筋)特殊鍛件與模具(鍛胚、車軸、機械主軸、、輥子、輥軸、壓輪等)之製造加工與銷售業務
52011,凱衛一,電子–資訊服務,118.95,1,39.55,38.5,102.7272727,15.7920354,-,-,2025/10/15,2028/10/15,100,2028/10/15,100,-0.061532679,-0.061532679,0.07,44.41,57.23,1,1,0,0,6,1000,1000,100,有，兆豐國際商業銀行,軟硬體系統整合收入、勞務及維修收入、授權收入
52091,新鼎一,其他,112.45,11,168.5,151.1,111.5155526,0.837952522,-,-,2023/10/6,2026/10/6,100,2026/10/6,100,-0.197128263,-0.197128263,3.82,26.96,38.11,5,8,0,0,5,3000,2996,99.86,無,各項控制系統軟硬體之分項與整體之可行性研究、規劃、設計、採購、軟硬體組合監造安裝校測試車維護及操作等、電腦軟硬體儀器之進口代理及銷售
52121,凌網一,電子–資訊服務,101,0,53.3,62.64,85.08939974,18.69868668,2026/03/18,2026/04/14,2024/10/15,2027/10/15,101.5075,2029/10/15,100,0.00316759,-0.002758673,0,26.81,29.9,-,-,-,-,6,4000,4000,100,無,專案軟體服務、圖書館軟體及電子書銷售服務、金融軟體服務
52303,雷笛克光學三,電子–光電,102.05,0,16.5,22,75,36.06666667,2026/03/28,2026/05/26,2023/7/24,2026/7/24,100,2026/7/24,100,-0.055970917,-0.055970917,-0.07,37.78,43.28,-,-,-,-,7,3000,596,19.86,有，台北富邦商業銀行,透鏡67.29%、精密塑膠件開發及製造4.5%、光電模組產品3.29%(照明設備製造業、光學儀器製造業、電子零組件製造業)
52441,弘凱一,電子–光電,100,0,36.85,44.5,82.80898876,20.75983718,-,-,2024/9/25,2027/9/25,100.6,2029/9/25,100,0.00391771,0,-0.13,34.57,48.73,-,-,-,-,6,5000,4863,97.26,無,可見光及不可見光LED光電整合元件封裝製造、LED照明需求及設計應用開發
52452,智晶二,電子–光電,93.15,20,26.2,35,74.85714286,24.4370229,-,-,2024/12/18,2026/12/18,100.5,2027/12/18,100,0.103598281,0.041743572,-1.66,53.35,57.45,-,-,-,-,7,3000,2952,98.4,無,被動式有機發光顯示器(PMOLED)
52635,智崴五,文化創意,115,1,99.4,110.4,90.03623188,27.72635815,2026/04/11,2026/06/09,2024/3/4,2027/3/4,100,2027/3/4,100,-0.134487841,-0.134487841,0,44.4,41.33,1,1,0,0,7,8000,3987,49.83,有，台中商業銀行,體感模擬遊樂設備
53064,桂盟四,運動休閒,100.5,0,87.5,121.3,72.13520198,39.32171429,2026/03/02,2026/03/25,2023/11/8,2026/11/8,100,2026/11/8,100,-0.007629918,-0.007629918,0,20.88,32.6,-,-,-,-,4,10000,9999,99.99,有，日商瑞穗銀行,自行車鏈條及機車鏈條、鏈輪之製造與銷售
53095,系統電五,電子–電子零組件,177,0,59.6,38.2,156.0209424,13.44630872,2026/02/28,2026/04/28,2023/8/8,2026/8/8,100,2026/8/8,100,-1.087570621,-1.087570621,0.23,55.63,54.38,-,-,-,-,6,5000,309,6.18,無,汽車電子與工業能源產品
53096,系統電六,電子–電子零組件,112,11,59.6,63.5,93.85826772,19.32885906,-,-,2025/12/12,2028/12/12,103.0301,2030/12/12,100,-0.029144829,-0.022566153,0.23,55.63,54.38,0,4,0,0,6,7000,7000,100,無,汽車電子與工業能源產品
53097,系統電七,電子–電子零組件,113.4,8,59.6,55,108.3636364,4.647651007,-,-,2025/12/15,2027/12/15,101.0025,2028/12/15,100,-0.06234964,-0.042873272,0.23,55.63,54.38,5,7,0,0,6,5000,5000,100,無,汽車電子與工業能源產品
53211,美而快一,數位雲端,100.25,0,24.7,85.3,28.95662368,246.2074899,-,-,2024/3/4,2027/3/4,100,2027/3/4,100,-0.002571255,-0.002571255,0,27.7,39.82,-,-,-,-,7,2000,43,2.15,無,布疋、衣著、鞋、帽、傘、服飾品批發及零售買賣業務、無店面零售業務、電子零組件之製造、加工及買賣業務
53887,中磊七,電子–通信網路,101.85,41,78,134.6,57.94947994,75.75653846,2026/03/19,2026/04/17,2023/12/6,2026/12/6,100,2028/12/6,100,-0.02492424,-0.006649797,0.89,28.1,38.17,41,41,0,0,4,30000,30000,100,無,有線網路產品、無線網路產品、其他
54342,崇越二,電子–電子通路,181,12,331.5,184.1,180.065182,0.519155354,2026/03/28,2026/05/26,2023/6/29,2026/6/29,100,2026/6/29,100,-1.540967372,-1.540967372,6.36,35.35,34.74,8,12,0,0,3,10000,2121,21.21,無,半導體暨電子材料90.53%、環境工程6.66%、其他產品2.81%(半導體與光電相關產品、電子材料、環境工程)
54391,高技一,電子–電子零組件,122,67,275,300,91.66666667,33.09090909,-,-,2025/9/9,2028/9/9,100,2030/9/9,100,-0.07240888,-0.040158433,0,58.26,63.88,65,66,0,0,5,20000,20000,100,無,電子產品之製造及買賣(印刷電路板、個人電腦、電腦週邊設備)、前項有關產品之進出口貿易、代理前項有關國內外廠商產品投標報價及經銷業務
54501,南良一,其他,103.1,2,14.9,17.4,85.63218391,20.39865772,-,-,2023/3/21,2026/3/21,100.75,2028/3/21,100,-1.386598771,-0.014891156,0,35.34,36.81,2,0,0,0,7,5000,4998,99.96,有，臺灣土地銀行股份有限公司,成衣或運動用品之黏扣帶、織帶及各式綁帶、橡、塑膠高分子及發泡複合材
54573,宣德三,電子–電子零組件,94.3,11,33.15,65.8,50.37993921,87.17767722,-,-,2024/3/6,2027/3/6,100,2027/3/6,100,0.061973501,0.061973501,0,34.62,38,0,9,0,0,5,20000,20000,100,無,各式連接器精密零組件成機及模組組裝
55344,長虹四,建材營建,107.45,595,75.3,80,94.125,14.15670651,-,-,2026/3/11,2029/3/11,100,2031/3/11,100,-0.023175018,-0.013889747,0,23.12,30.39,0,107,0,0,5,15000,15000,100.00,無,投資興建國民住宅、工業廠房、廠辦及商業大樓出租出售
56086,四維航六,航運業,101.15,0,16.55,22.1,74.88687783,35.07039275,-,-,2023/6/21,2026/6/21,100,2026/6/21,100,-0.042344669,-0.042344669,0,37.63,42.35,-,-,-,-,8,5000,4999,99.98,有，陽信商業銀行,船務代理業、船舶運送業、船舶及其零件批發/零售業
56087,四維航七,航運業,111.7,0,16.55,19.3,85.75129534,30.26042296,-,-,2024/12/17,2027/12/17,100,2027/12/17,100,-0.059551201,-0.059551201,0,37.63,42.35,-,-,-,-,8,6000,6000,100,有，第一商業銀行股份有限公司,船務代理業、船舶運送業、船舶及其零件批發/零售業
59055,南仁湖四,觀光餐旅,100.8,0,8.27,12.62,65.53090333,53.82055623,-,-,2021/5/18,2026/5/18,100,2026/5/18,100,-0.045262897,-0.045262897,0,27.97,32.95,-,-,-,-,7,6000,1986,33.1,有，臺灣土地銀行股份有限公司大發分行,客房，餐飲，商品銷售
60151,宏遠證一,金融保險,100,0,13.3,14.54,91.47180193,9.323308271,-,-,2021/6/11,2026/6/11,100,2026/6/11,100,0,0,0,36.6,31.79,-,-,-,-,-,7000,1241,17.72,無,營業證券透過損益按公允價值衡量之淨利益(損失)28.26%、經紀手續費收入27.6%、營業證券出售淨利益(損失)27.29%、衍生工具淨利益(損失)5.57%、承銷業務收入3.95%(證券經紀、自營、承銷業務、期貨經紀、期貨顧問、期貨自營業務)
60152,宏遠證二,金融保險,149.6,0,13.3,10.22,130.1369863,14.95578947,-,-,2024/1/5,2027/1/5,101.5075,2029/1/5,102.5251,-0.39641211,-0.111835642,0,36.6,31.79,-,-,-,-,-,6000,1494,24.9,無,營業證券透過損益按公允價值衡量之淨利益(損失)28.26%、經紀手續費收入27.6%、營業證券出售淨利益(損失)27.29%、衍生工具淨利益(損失)5.57%、承銷業務收入3.95%(證券經紀、自營、承銷業務、期貨經紀、期貨顧問、期貨自營業務)
61011,寬魚國際一,文化創意,108.1,16,38.05,36.9,103.1165312,4.832851511,-,-,2026/1/29,2028/1/29,100,2029/1/29,100,-0.039926535,-0.026022527,0.13,17.25,26.33,16,1,0,0,-,1500,1500,100,有，永豐商業銀行股份有限公司,從事影視節目之製作、發行及投資等文創產業
61012,寬魚國際二,文化創意,95,3,38.05,38.9,97.81491003,-2.877792378,-,-,2026/1/30,2028/1/30,101.0025,2029/1/30,100,0.033618421,0.018260957,0.13,17.25,26.33,1,1,0,0,-,2500,2500,100,無,從事影視節目之製作、發行及投資等文創產業
61041,創惟一,電子–半導體,107.95,0,95.1,124.8,76.20192308,41.66309148,2026/03/19,2026/04/15,2022/8/26,2027/8/26,100,2027/8/26,100,-0.0508138,-0.0508138,0.97,43.1,51.95,-,-,-,-,5,5000,4368,87.36,無,設計，製造，測試，銷售積體電路及半導體零組件等、電腦軟體程式設計，研發，銷售，測試及電腦資料處理、前各項產品之代理及進出口貿易業務
61112,光聚晶電二,文化創意,97.75,1,43.95,67,65.59701493,49.01592719,2026/03/22,2026/05/20,2024/9/10,2026/9/10,100.5,2027/9/10,100,0.057366158,0.015443997,0,37.15,38.78,-,-,-,-,8,3000,3000,100,無,遊戲軟體研發、代理及銷售、線上遊戲經營服務及授權
61171,迎廣一,電子–電腦及週邊設備,100.3,0,71.5,82,87.19512195,15.02937063,-,-,2024/5/27,2026/5/27,101.0025,2027/5/27,100,0.03501994,-0.002492522,1.56,33.71,50.76,-,-,-,-,7,5000,2008,40.16,無,電腦機殼、電腦及其週邊設備、塑膠成品等之加工製造及買賣、機械五金零件之製造烤漆及買賣業務
61172,迎廣二,電子–電腦及週邊設備,103.8,0,71.5,77.4,92.37726098,12.36531469,-,-,2025/5/28,2027/5/28,101.0025,2028/5/28,100,-0.022407896,-0.01659905,1.56,33.71,50.76,-,-,-,-,7,5000,4742,94.84,無,電腦機殼、電腦及其週邊設備、塑膠成品等之加工製造及買賣、機械五金零件之製造烤漆及買賣業務
61255,廣運五,電子–光電,99.3,0,59.6,112,53.21428571,86.60402685,2026/03/23,2026/05/21,2024/6/21,2026/6/21,101.0025,2027/6/21,100,6.39E-02,5.56E-03,0,40.5,46.04,-,-,-,-,6,6000,5700,95,無,整廠自動化物流系統整合之工程服務
61263,信音三,電子–電子零組件,122.1,2,32.5,26.8,121.2686567,0.685538462,-,-,2023/11/30,2026/11/30,100,2026/11/30,100,-0.254095004,-0.254095004,0.05,47.96,44.14,2,2,0,0,6,5000,1488,29.76,無,各種電子電腦及週邊設備之零件製造裝配及買賣、各種鋼模及金屬沖品之製造及買賣、塑膠玩具、電池玩具(電動玩具除外)之製造裝配及買賣
61506,撼訊六,電子–電腦及週邊設備,95,2,57.6,90.2,63.85809313,48.76736111,2026/04/17,2026/06/15,2024/3/7,2027/3/7,101.5,2027/3/7,101.5,0.069954298,0.069954298,1.08,41.97,42.14,-,-,-,-,7,4000,4000,100,無,顯示卡、其他
61565,松上五,電子–電子零組件,100,42,19.65,29,67.75862069,47.5826972,-,-,2025/6/25,2027/6/25,100,2028/6/25,100,0,0,0.28,34,41.27,42,42,0,0,6,3500,3500,100,無,印刷電路板42.66%、運動護具29.68%、磁性元件27.66%(印刷電路板、磁性元件、變壓器、運動護具)
61635,華電網五,電子–通信網路,262,0,54.1,25.02,216.2270184,21.1689464,-,-,2025/10/16,2027/10/16,102.01,2028/10/16,100,-0.384287641,-0.238569792,0,67.53,58.5,-,-,-,-,7,3000,1723,57.43,無,資訊應用整合服務及電信整合系統服務、網際網路建設服務及媒體應用服務、寬頻產業服務、軟體與加值服務開發及智慧城控等
61777,達麗七,建材營建,113,0,45.9,46.1,99.56616052,13.49237473,-,-,2025/6/25,2027/6/25,102.01,2028/6/25,103.03,-0.076014288,-0.038660243,0,30.83,33.99,-,-,-,-,7,6000,5994,99.9,無,委託營造廠商興建商業大樓及國民住宅出租、出售、都市更新重建、不動產買賣及租賃
61793,亞通三,其他,99.15,0,26.85,33.3,80.63063063,22.96815642,2026/03/31,2026/05/29,2023/7/25,2026/7/25,101.5075,2026/7/25,101.5075,0.065747299,0.065747299,0,48.59,47.95,-,-,-,-,7,3000,473,15.76,無,能源工程相關業務
61794,亞通四,其他,100.2,37,26.85,28.2,95.21276596,5.237988827,2026/03/31,2026/05/29,2024/8/28,2026/8/28,101.0025,2027/8/28,101.5075,0.017610111,0.008969584,0,48.59,47.95,0,35,0,0,7,6000,5954,99.23,無,能源工程相關業務
61827,合晶七,電子–半導體,100,0,31.95,61.2,52.20588235,91.54929577,-,-,2021/7/27,2026/7/27,102.016,2026/7/27,102.016,0.054913433,0.054913433,0,53.15,52.7,-,-,-,-,6,3000,2976,99.2,無,半導體100%(半導體及其材料之研發、設計、製造、進出口及代理銷售等)
61828,合晶八,電子–半導體,108.5,17,31.95,33.5,95.37313433,13.76369327,-,-,2024/9/27,2027/9/27,100,2029/9/27,100,-0.050970535,-0.022131943,0,53.15,52.7,16,0,0,0,6,15000,15000,100,無,半導體100%(半導體及其材料之研發、設計、製造、進出口及代理銷售等)
61843,大豐電三,其他,98.5,0,47.9,49.4,96.96356275,1.584551148,2026/03/29,2026/05/27,2024/3/6,2027/3/6,101.5075,2027/3/6,101.5075,0.031304896,0.031304896,0,9.37,15.41,-,-,-,-,-,15000,13065,87.1,無,有線電視系統之經營、電視接收機、發射機之研究設計、製造、銷售與修護、電視機械設備及材料之買賣、進口業務及電信事業
61875,萬潤五,電子–半導體,244,63,684,276.8,247.1098266,-1.258479532,-,-,2024/7/10,2027/7/10,100,2027/7/10,100,-0.446908374,-0.446908374,3.36,54.78,56.46,24,62,0,0,5,5000,1339,26.78,無,機械設備製造業、光學儀器製造業、國際貿易業
61894,豐藝四,電子–電子通路,117.7,0,44.7,43.14,103.6161335,13.59234899,2026/03/30,2026/05/28,2023/11/10,2026/11/10,100.7519,2028/11/10,102.5251,-0.218990955,-0.048464419,0,30.97,36.57,-,-,-,-,4,5000,1248,24.96,無,電子零組件之代理經銷及面板模組之研發及銷售
61907,萬泰科七,電子–通信網路,128,14,50.3,41.7,120.6235012,6.115308151,-,-,2025/11/6,2028/11/6,100,2028/11/6,100,-0.082568511,-0.082568511,0,48.82,50.42,13,6,0,0,6,10000,10000,100,無,區域網路線電子線、汽機車用線、電源線電腦線
61965,帆宣五,電子–其他電子,214,144,276,130.7,211.1706197,1.339855072,-,-,2023/6/27,2026/6/27,100,2026/6/27,100,-1.869608196,-1.869608196,3.5,45.76,44.59,0,79,0,0,4,25000,1547,6.18,無,高科技設備材料銷售與服務業務、客製化設備研發製造業務、廠務自動化暨整合系統業務
61973,佳必琪三,電子–電子零組件,130,136,175.5,152,115.4605263,12.59259259,2026/03/28,2026/05/26,2024/10/15,2027/10/15,100,2027/10/15,100,-0.145476285,-0.145476285,2.57,39.44,46.3,127,135,0,0,5,10000,10000,100,無,高速光電/光纜/模組/連接器/線束(雲端網通)、連接器/線束(智能連結產業)、(新能源)、(消費性電子)、IoT(物聯網系統)之以上相關產品研發，生產與銷售
61993,天品三,其他,124,6,94,104.6,89.86615679,37.98297872,-,-,2026/1/20,2028/1/20,100.5,2029/1/20,100,-0.102327496,-0.06779766,-0.14,47.35,51.42,6,6,0,0,7,2500,2500,100,有，上海商業儲蓄銀行股份有限公司,租賃及葬儀服務、電腦週邊設備與電子零件、電子產品買賣
61994,天品四,其他,97,6,94,114.8,81.8815331,18.46382979,-,-,2026/1/21,2028/1/21,102.01,2029/1/21,100,0.027846472,0.01082326,-0.14,47.35,51.42,-,-,-,-,7,3500,3500,100,無,租賃及葬儀服務、電腦週邊設備與電子零件、電子產品買賣
62075,雷科五,電子–電子零組件,114,15,52.8,50.7,104.1420118,9.465909091,-,-,2025/8/26,2027/8/26,100.5,2028/8/26,100,-0.081708288,-0.050083309,0.2,54.48,54.35,15,10,0,0,6,6000,6000,100,無,表面黏著元件&SMD捲裝材料、雷射修整機、陶瓷基板雷射切割機、劃線、鑽孔、自動光學檢查系統、迴銲爐
62076,雷科六,電子–電子零組件,116.25,0,52.8,49.2,107.3170732,8.323863636,-,-,2025/9/5,2027/9/5,100,2028/9/5,100,-0.094659565,-0.056377354,0.2,54.48,54.35,-,-,-,-,6,2000,2000,100,無,表面黏著元件&SMD捲裝材料、雷射修整機、陶瓷基板雷射切割機、劃線、鑽孔、自動光學檢查系統、迴銲爐
62093,今國光三,電子–光電,140,1,51.5,38.6,133.4196891,4.932038835,-,-,2025/10/23,2028/10/23,100,2028/10/23,100,-0.109428871,-0.109428871,0.43,61.76,54.31,0,1,0,0,7,4500,2553,56.73,有，中國信託商業銀行,光學鏡片、光學鏡頭之製造、光學鏡片、光學鏡頭之買賣
62194,富旺四,建材營建,111,74,14.8,21.17,69.91025035,58.775,-,-,2025/10/16,2028/10/16,100.7519,2028/10/16,100.7519,-0.035622312,-0.035622312,0,43.31,44.36,74,52,0,0,9,6000,6000,100,有，台中商業銀行,房屋款收入55.7%、土地款收入44.13%、其他收入0.16%(不動產開發、租賃及買賣等、不動產仲介、代銷經紀業、特定專業區、新市鎮及新社區開發業)
62433,迅杰三,電子–半導體,93.3,0,32.15,63.3,50.78988942,83.69797823,-,-,2024/6/25,2027/6/25,100,2027/6/25,100,0.056126653,0.056126653,-0.2,43.36,45.33,-,-,-,-,7,3000,3000,100,無,積體電路設計，研究，開發，製造，銷售
62695,台郡五,電子–電子零組件,102.6,0,55.1,93,59.24731183,73.17241379,2026/03/30,2026/05/28,2024/8/2,2027/8/2,100,2027/8/2,100,-0.018315867,-0.018315867,-1.86,40.59,45.44,-,-,-,-,4,20000,20000,100,無,加成(Build-up)銅箔基層板之製造、多層加成(Build-up)印刷電路板，軟式印刷電路板製造、聚醯亞胺薄膜銅箔基層板半製品之零組配件之製造，研究，開發，買賣
62696,台郡六,電子–電子零組件,98,0,55.1,101,54.55445545,79.63702359,2026/03/30,2026/05/28,2024/8/2,2027/8/2,100,2027/8/2,100,0.014750455,0.014750455,-1.86,40.59,45.44,-,-,-,-,4,10000,10000,100,無,加成(Build-up)銅箔基層板之製造、多層加成(Build-up)印刷電路板，軟式印刷電路板製造、聚醯亞胺薄膜銅箔基層板半製品之零組配件之製造，研究，開發，買賣
62745,台燿五,電子–電子零組件,146.6,632,497.5,386,128.8860104,13.7439196,-,-,2025/11/13,2028/11/13,100,2030/11/13,100,-0.119120321,-0.068088728,3.76,58,57.31,549,561,0,0,4,40000,40000,100,無,銅箔基板、粘合片、多層壓合板之製造、加工及買賣
62756,元山六,電子–電子零組件,205,0,49.15,24,204.7916667,0.1017294,2026/03/30,2026/05/28,2021/9/30,2026/9/30,101.256,2026/9/30,101.256,-0.928215713,-0.928215713,0.81,38.08,42.61,-,-,-,-,6,3000,77,2.56,有，第一商業銀行,電腦週邊設備、各式小家電
62822,康舒二,電子–電子零組件,115.9,165,46.1,46.1,100,15.9,-,-,2023/6/13,2026/6/13,100,2028/6/13,100,-0.556370434,-0.060990669,0.56,60.6,52.96,136,140,0,0,5,40000,40000,100,無,電源及零組件92.55%(交換式電源供應器之研發設計、製造及銷售)
62843,佳邦三,電子–電子零組件,114,11,74.2,86.6,85.6812933,33.05121294,-,-,2023/12/14,2026/12/14,100,2026/12/14,100,-0.16359329,-0.16359329,1.24,39.72,40.54,11,11,0,0,4,7000,7000,100,無,微波複合化微型天線及模組之研究、開發、製造及銷售、積體化電子保護元件之研究、開發、製造及銷售、積層式微波通訊元件及其模組之研究、開發、製造及銷售
629010,良維十,電子–電子零組件,288,0,218.5,75.9,287.8787879,0.042105263,-,-,2025/5/13,2027/5/13,100.500625,2028/5/13,100,-0.560446736,-0.301599859,2.53,55.94,53.45,-,-,-,-,5,8000,222,2.77,無,電源傳輸線組及轉接頭、訊號傳輸線組、其他
64145,樺漢五,電子–電腦及週邊設備,106.9,0,276,273.6,100.877193,5.970434783,-,-,2023/8/16,2026/8/16,100,2026/8/16,100,-0.152983125,-0.152983125,0,26.56,33.68,-,-,-,-,4,30000,29997,99.99,無,電腦及其週邊設備製造業、資訊軟體服務業、除許可業務外，得經營法令非禁止或限制之業務
64251,易發一,電機機械,122.5,2,66.5,58.7,113.2879046,8.131578947,2026/03/20,2026/05/18,2024/10/15,2027/10/15,100,2027/10/15,100,-0.115787248,-0.115787248,0,51.07,56.9,2,2,0,0,8,2000,638,31.9,有，上海商業儲蓄銀行股份有限公司,高科技自動化設備設計、製造、銷售
64324,今展科四,電子–電子零組件,114,0,33.4,30.88,108.1606218,5.398802395,-,-,2024/8/16,2026/8/16,101,2027/8/16,100,-0.270277968,-0.08636717,0.37,54.86,45.53,-,-,-,-,6,2500,2137,85.48,無,各類電感及保護元件
64422,光聖二,電子–通信網路,168,11,1690,1103.5,153.1490711,9.69704142,-,-,2025/12/1,2027/12/1,100,2028/12/1,100,-0.236003347,-0.148929531,9.59,75.17,71.77,11,9,0,0,5,10000,8759,87.59,無,各種光纖及光纖連合器等之製造組立加工及買賣業務、通訊光電介面產品及通信網路設備之加工裝配業務、電子組件用精密金屬零件及電子產品之加工製造組立業務
64423,光聖三,電子–通信網路,171,77,1690,1065.9,158.5514589,7.851420118,-,-,2025/12/11,2027/12/11,100,2028/12/11,100,-0.238285704,-0.151247213,9.59,75.17,71.77,37,11,0,0,5,15000,15000,100,無,各種光纖及光纖連合器等之製造組立加工及買賣業務、通訊光電介面產品及通信網路設備之加工裝配業務、電子組件用精密金屬零件及電子產品之加工製造組立業務
64512,訊芯二KY,電子–半導體,103.5,207,215.5,240.6,89.5677473,15.5549884,-,-,2025/2/27,2028/2/27,100,2028/2/27,100,-0.017287108,-0.017287108,0.9,63.45,61.63,108,203,0,0,6,25000,25000,100,無,系統模組封裝產品及其他各型積體電路模組之封裝、測試及銷售
64693,大樹三,生技醫療,101,20,83.1,132.53,62.70278428,61.07737665,-,-,2025/7/28,2028/7/28,100,2028/7/28,100,-0.00417305,-0.00417305,0.99,26.79,32.17,13,20,0,0,4,10000,10000,100,無,銷售各式藥品、保健食品、婦嬰用品、化妝品之連鎖通路
64773,安集三,電子–光電,101,0,39.5,41.9,94.27207637,7.136708861,-,-,2021/8/4,2026/8/4,102.53,2026/8/4,102.53,0.038938084,0.038938084,-0.1,45.98,50.4,-,-,-,-,7,5000,1931,38.62,無,太陽能電池模組設計、生產及銷售、能源技術服務、3D列印
64774,安集四,電子–光電,96,0,39.5,50.4,78.37301587,22.49113924,-,-,2022/7/21,2027/7/21,101.26,2027/7/21,101.26,0.040565838,0.040565838,-0.1,45.98,50.4,-,-,-,-,7,10000,374,3.74,無,太陽能電池模組設計、生產及銷售、能源技術服務、3D列印
64775,安集五,電子–光電,96,1,39.5,44.3,89.16478555,7.665822785,-,-,2025/10/9,2027/10/9,103.0225,2028/10/9,104.5678,0.046597086,0.034691682,-0.1,45.98,50.4,-,-,-,-,7,6000,6000,100,無,太陽能電池模組設計、生產及銷售、能源技術服務、3D列印
65096,聚和六,化學工業,122.9,117,40.1,37.6,106.6489362,15.23790524,-,-,2024/7/3,2026/7/3,100,2027/7/3,100,-0.618277979,-0.143180164,0,28.69,31.96,97,91,0,0,5,5000,5000,100,無,特用化學品、辦公文具用品、精密化學品
65101,精測一,電子–半導體,192,36,3855,2016.8,191.1443871,0.447626459,-,-,2026/1/5,2029/1/5,100,2029/1/5,100,-0.170297793,-0.170297793,8.68,72.07,66.54,33,7,0,0,4,20000,20000,100,無,晶圓測試卡60.6%、技術服務與其他22.11%、IC測試板17.29%(晶圓測試卡、IC測試板、技術服務與其他)
65152,穎崴二,電子–半導體,174,428,6285,3540.4,177.5223139,-1.984152745,-,-,2026/2/5,2029/2/5,100,2029/2/5,100,-0.146720118,-0.146720118,0,69.94,67.44,305,136,0,0,4,30000,30000,100,無,半導體測試介面、精密彈簧針、探針卡、溫控模組
65331,晶心科一,電子–半導體,94,10,192,308,62.33766234,50.79166667,-,-,2025/9/8,2028/9/8,100,2028/9/8,100,0.02565845,0.02565845,0,37.82,44.5,0,2,0,0,7,15000,15000,100,無,晶心嵌入式微處理器核心智財及其相關硬體、軟體發展平台與工具鏈
65381,倉和一,電子–電子零組件,90.45,31,66.7,104.4,63.88888889,41.57391304,2026/03/29,2026/05/27,2025/6/26,2028/6/26,100,2030/6/26,100,0.046208473,0.024640579,0,35.52,37.76,-,-,-,-,5,3000,3000,100,無,網版製造、網印耗材買賣
65461,正基一,電子–通信網路,98.7,0,78.1,149,52.41610738,88.30089629,-,-,2024/6/5,2026/6/5,100,2027/6/5,100,0.058628018,0.010755028,1.01,46.7,47.68,-,-,-,-,6,6000,5036,83.93,無,無線通訊模組之研發、生產及銷售
65521,易華電一,電子–半導體,100.05,0,26.4,58.8,44.89795918,122.8386364,2026/03/28,2026/05/26,2021/10/25,2026/10/25,100,2026/10/25,100,-0.000814325,-0.000814325,-10.85,38.06,45.36,-,-,-,-,7,5000,5000,100,有，台新國際商業銀行股份有限公司,捲帶式高階覆晶薄膜IC基板
65841,南俊國際一,電子–電子零組件,220,8,388.5,177.5,218.8732394,0.514800515,-,-,2024/10/29,2026/10/29,101.0025,2027/10/29,100,-0.865910835,-0.335735091,0,70.04,66.26,1,8,0,0,6,7000,1061,15.15,有，彰化商業銀行股份有限公司,電子零組件製造業、家具及裝設品製造業、其他金屬製品製造業
65842,南俊國際二,電子–電子零組件,205,29,388.5,191.6,202.7661795,1.101673102,-,-,2024/10/30,2026/10/30,101.0025,2027/10/30,100,-0.808586378,-0.314732693,0,70.04,66.26,0,29,0,0,6,3000,907,30.23,無,電子零組件製造業、家具及裝設品製造業、其他金屬製品製造業
65851,鼎基一,其他,101.05,20,84.1,110.9,75.83408476,33.25142687,-,-,2023/10/26,2026/10/26,100,2026/10/26,100,-0.016856342,-0.016856342,1.83,35.8,41.86,20,0,0,0,5,5000,2731,54.62,有，第一商業銀行股份有限公司,熱塑性聚氨基甲酸酯製品、TPU薄膜，TPU油封，TPU管帶
65852,鼎基二,其他,105,0,84.1,110.7,75.97109304,38.21046373,-,-,2023/10/27,2026/10/27,100,2026/10/27,100,-0.076906869,-0.076906869,1.83,35.8,41.86,-,-,-,-,5,2000,806,40.3,無,熱塑性聚氨基甲酸酯製品、TPU薄膜，TPU油封，TPU管帶
65914,動力四KY,電子–電腦及週邊設備,99,0,64.2,78.61,81.66899886,21.22102804,2026/03/30,2026/05/28,2025/8/27,2027/8/27,100.5,2028/8/27,100,0.010434534,0.004114809,0.72,43.52,51,-,-,-,-,7,2500,2500,100,無,散熱風扇
66163,特昇三KY,居家生活,98.1,0,10.4,14.5,71.72413793,36.77403846,-,-,2023/9/20,2026/9/20,101.51,2028/9/20,100,0.067129967,0.00768404,0,27.67,28.01,-,-,-,-,6,1200,1070,89.16,無,美式木製寢室家具製造及銷售、廚房櫥櫃製造及銷售、橡膠木加工及銷售
66241,萬年清一,綠能環保,169,0,60.8,40.6,149.7536946,12.85197368,-,-,2024/7/5,2027/7/5,100.75,2029/7/5,100,-0.309022738,-0.123363964,0.39,55.27,44.65,-,-,-,-,7,1000,310,31,有，臺灣土地銀行股份有限公司,1環境保護工程規劃、設計及統包工程、2工業廢水處理、回收再利用工程、3環境保護設備銷售
66292,泰金二KY,居家生活,98.85,0,107,119.8,89.31552588,10.67504673,-,-,2024/9/13,2026/9/13,101.0025,2027/9/13,100,0.04367048,0.007762948,2.18,43.14,45.1,-,-,-,-,6,3000,2933,97.76,無,家飾鑄件開發、生產及銷售
66411,基士德一KY,綠能環保,99.85,0,19,56.5,33.62831858,196.9223684,-,-,2021/5/17,2026/5/17,100,2026/5/17,100,0.008703531,0.008703531,0.35,40.46,40.39,-,-,-,-,6,3000,814,27.13,無,環保設備製造、環保設備銷售、環保工藝技術服務
66451,金萬林一創,生技醫療,103.2,0,14.15,27.87,50.77143882,103.2638869,2026/03/24,2026/05/22,2024/12/4,2026/12/4,102,2027/12/4,100,-0.016076462,-0.01799337,-0.45,41.65,44.06,-,-,-,-,8,700,700,100,有，華南商業銀行,生物醫學產品銷售暨基因檢測分析服務
66642,群翊二,電子–電子零組件,117.95,15,273.5,292.1,93.6323177,25.97146252,-,-,2024/11/19,2027/11/19,100,2027/11/19,100,-0.090467169,-0.090467169,4.32,48.17,50.51,4,6,0,0,6,12500,12500,100,無,設備及其相關自動化產品、機台維修、其他
66702,復盛應用二,運動休閒,117.45,105,276,270,102.2222222,14.89673913,-,-,2025/12/26,2028/12/26,100,2028/12/26,100,-0.053322969,-0.053322969,7.9,23.36,35.92,94,75,0,0,3,15000,15000,100,無,高爾夫球桿頭等各項金屬製品之製造加工裝配買賣業務、高爾夫球具(桿、握把、頭)之裝配及買賣業務
66721,騰輝電子一KY,電子–電子零組件,103,0,97.5,96,101.5625,1.415384615,-,-,2026/1/22,2028/1/22,100,2031/1/22,100,-0.015680041,-0.00599271,0,50.95,51.43,-,-,-,-,6,5000,5000,100,無,生產與銷售印刷電路板所需使用之黏合片、銅箔基板和鋁基板
66722,騰輝電子二KY,電子–電子零組件,105,56,97.5,93,104.8387097,0.153846154,-,-,2026/2/3,2028/2/3,100,2031/2/3,100,-0.025189786,-0.009731776,0,50.95,51.43,22,0,0,10,6,5000,5000,100,無,生產與銷售印刷電路板所需使用之黏合片、銅箔基板和鋁基板
66801,鑫創電子一,電子–電腦及週邊設備,107.5,0,59,73.5,80.27210884,33.91949153,-,-,2024/9/2,2027/9/2,101.5075,2029/9/2,100,-0.037960127,-0.02009875,0.74,35.1,37.93,-,-,-,-,6,3500,3122,89.2,無,智能車載電腦系統及嵌入式電腦產品、工業自動化及邊緣運算AI電腦產品、軍規強固智能運算及無人載具電腦產品之研發、製造與銷售
67062,惠特二,電子–光電,98.9,0,127.5,176,72.44318182,36.52078431,-,-,2024/10/25,2027/10/25,100,2027/10/25,100,0.006892455,0.006892455,0,76.74,69.81,-,-,-,-,7,5000,5000,100,無,點測機及分選機設備製造、雷射精密機械設備製造、LED晶粒點測及分類代工
67152,嘉基二,電子–電子零組件,192,35,305,157.1,194.1438574,-1.104262295,-,-,2024/1/18,2027/1/18,100,2027/1/18,100,-0.566005933,-0.566005933,0.63,55.53,51.01,3,16,0,0,5,3000,3000,100,無,高速電/光傳輸線及連接器相關產品之研發、生產與銷售
67531,龍德造船一,航運業,123.05,0,135.5,116.6,116.2092624,5.886568266,-,-,2024/6/25,2027/6/25,100,2027/6/25,100,-0.146408164,-0.146408164,2.24,64.54,58.88,-,-,-,-,5,10000,5201,52.01,無,船舶及其零件製造業、船舶維修
67681,志強一KY,運動休閒,101.05,1,93.2,95.2,97.89915966,3.218454936,2026/03/31,2026/05/29,2024/10/31,2027/10/31,100,2027/10/31,100,-0.006374247,-0.006374247,0,36.94,46.38,1,1,0,0,4,10000,5910,59.1,無,代工鞋類產品製造為主要業務，鞋類為運動鞋、休閒鞋及客製化鞋等
67711,平和環保一創,綠能環保,104.5,0,44.15,51.66,85.46264034,22.27565119,-,-,2025/5/8,2027/5/8,101.0025,2028/5/8,100,-0.029155485,-0.020022552,0.48,17.33,24.57,-,-,-,-,6,3500,3500,100,有，台中商業銀行,廢污水代處理、-、-
67961,晉弘一,生技醫療,97.5,3,76.3,106.3,71.77798683,35.83551769,-,-,2023/8/25,2026/8/25,100,2026/8/25,100,0.057417021,0.057417021,0,31.93,34.5,-,-,-,-,7,2000,2000,100,無,醫療器材設計、製造及銷售
67962,晉弘二,生技醫療,92.95,0,76.3,100,76.3,21.82175623,-,-,2025/12/22,2027/12/22,100.500625,2028/12/22,100,0.04582707,0.027328962,0,31.93,34.5,-,-,-,-,7,2000,2000,100,無,醫療器材設計、製造及銷售
68041,明係一,運動休閒,99.05,1,16.65,61.9,26.89822294,268.2399399,2026/03/24,2026/05/22,2023/6/19,2026/6/19,100.75,2026/6/19,100.75,0.065255342,0.065255342,-1.29,24.41,32.66,-,-,-,-,6,2000,1991,99.55,無,自行車及零組件製造
68061,森崴能源一,綠能環保,97,0,39.95,105,38.04761905,154.9436796,-,-,2023/11/22,2026/11/22,100,2026/11/22,100,0.044796269,0.044796269,0,52.8,52.45,-,-,-,-,9,30000,20318,67.72,有，臺灣銀行股份有限公司土城分行等,能源開發工程服務、電廠維運(設備維修)太陽能發電廠、節能、儲能服務工程等全方位專業能源服務
68211,聯寶一,電子–電子零組件,103,5,36.65,43.06,85.11379471,21.01446112,-,-,2025/8/15,2027/8/15,101,2028/8/15,100,-0.013682198,-0.012026095,0.18,25.36,40.68,5,5,0,0,6,3000,3000,100,無,磁性元件類：PoE、車用、LAN、TLVR、XDSL及CMC等變壓器、無線充電模組類：無線充電器、電源模組及智控模組
68231,濾能一,電子–半導體,108.55,0,69,76.7,89.96088657,20.66355072,2026/03/29,2026/05/27,2023/6/1,2026/6/1,100,2026/6/1,100,-0.368582362,-0.368582362,0,57.95,58.41,-,-,-,-,7,2500,1,0.04,無,模組化濾網、全面性空氣潔淨及氣體採樣分析、濾網安裝工程
68301,汎銓一,電子–其他電子,241,2,349.5,147.8,236.4682003,1.916452074,2026/03/19,2026/04/17,2024/8/15,2026/8/15,100,2027/8/15,100,-1.395736718,-0.412254282,0,55.75,53.73,0,2,0,0,5,5000,3110,62.2,無,技術分析服務
68351,圓裕一,電子–電子零組件,97.85,0,38.8,48.8,79.50819672,23.06907216,-,-,2024/11/1,2026/11/1,100,2027/11/1,100,0.034718305,0.013456256,0.05,23.62,36.93,-,-,-,-,6,6000,6000,100,無,FPC軟性印刷電路板、WIREHarness連接線組
68401,東研信超一,電子–其他電子,99,1,59.9,65.7,91.17199391,8.585976628,-,-,2024/5/27,2027/5/27,101.51,2027/5/27,101.51,0.021127946,0.021127946,0.4,46.53,43.64,-,-,-,-,6,2000,1986,99.3,無,電子產品之電磁相容認證及安規檢測服務
68431,進典一,電機機械,101.55,0,47.3,61.4,77.03583062,31.8217759,-,-,2025/8/4,2027/8/4,101.0025,2028/8/4,100,-0.003881406,-0.006381612,0,28.98,34.22,-,-,-,-,6,3000,3000,100,無,各種機械五金加工買賣業務、控制閥製造加工買賣業、其他金屬製品製造業、國際貿易業、配管工程業、儀器、儀表安裝工程業
68461,綠茵一,食品工業,98,0,71.6,80.4,89.05472637,10.04469274,2026/03/31,2026/05/29,2025/3/13,2028/3/13,101.5075,2030/3/13,100,0.017919956,0.005105538,1.89,15.49,24.76,-,-,-,-,6,3500,3490,99.71,無,保健食品及原料之研發、製造、銷售
68462,綠茵二,食品工業,99.95,0,71.6,78,91.79487179,8.884078212,2026/03/31,2026/05/29,2025/3/25,2028/3/25,101.5075,2030/3/25,100,0.007675734,0.000124127,1.89,15.49,24.76,-,-,-,-,6,3500,3489,99.68,無,保健食品及原料之研發、製造、銷售
68541,錼創科技一KY創,電子–半導體,106.6,9,143.5,248.3,57.79299235,84.45142857,-,-,2025/2/27,2027/2/27,101.0025,2028/2/27,100,-0.054916688,-0.031650559,2.04,54.94,60.82,9,9,0,0,7,8000,8000,100,有，中國信託商業銀行,電器電子材料及其他零售批發、國際貿易及智慧財產權、產品設計、其他設計及法令非禁止或限制之業務、電子零組件、照明設備製造
68621,三集瑞一KY,電子–電子零組件,111.1,54,194,197,98.47715736,12.81804124,-,-,2026/3/13,2028/3/13,100,2029/3/13,100,-0.050023521,-0.033333772,2.27,66.85,59.22,0,51,0,0,6,10000,10000,100.00,無,電感
68631,永道一KY,電子–通信網路,91,25,89.9,294.9,30.48491014,198.5083426,2026/03/29,2026/05/27,2024/10/15,2027/10/15,100,2027/10/15,100,0.062346979,0.062346979,0.05,37.41,45.76,-,-,-,-,5,10000,10000,100,無,RFID電子標籤
68701,騰雲一,數位雲端,105.5,0,206,238.2,86.48194794,21.9907767,2026/03/30,2026/05/28,2024/12/5,2027/12/5,100,2029/12/5,100,-0.030203867,-0.013981217,2.7,47.57,51.13,-,-,-,-,6,3500,3500,100,無,零售雲客、商、金流整合性產品/平台、雲端數據分析及平台維運服務、其他
68702,騰雲二,數位雲端,107.15,1,206,226.9,90.78889379,18.02104369,2026/03/30,2026/05/28,2024/12/5,2027/12/5,100,2029/12/5,100,-0.038660386,-0.017895696,2.7,47.57,51.13,1,0,0,0,6,3500,3437,98.2,無,零售雲客、商、金流整合性產品/平台、雲端數據分析及平台維運服務、其他
68731,泓德能源一,綠能環保,137.55,0,99.5,95.4,104.2976939,31.88211055,-,-,2023/9/28,2026/9/28,100,2026/9/28,100,-0.505796692,-0.505796692,0,48.8,44.88,-,-,-,-,5,10000,235,2.35,無,全方位綠電解決方案包含工程、管理、智慧電力服務與儲能充電產品、案場維運服務、養殖管理服務
68732,泓德能源二,綠能環保,90.5,9,99.5,215.4,46.19312906,95.91658291,-,-,2025/5/29,2028/5/29,101.5075,2030/5/29,100,0.055080508,0.024944608,0,48.8,44.88,1,0,0,0,5,30000,30000,100,無,全方位綠電解決方案包含工程、管理、智慧電力服務與儲能充電產品、案場維運服務、養殖管理服務
68741,倍力一,電子–資訊服務,98,0,83,103,80.58252427,21.61445783,2026/03/29,2026/05/27,2024/11/4,2026/11/4,100,2027/11/4,100,0.031833246,0.012435692,0.81,27.42,30.42,-,-,-,-,6,3000,3000,100,無,開發與代理軟體產品與相關服務
68901,來億一KY,運動休閒,97.7,0,162.5,246.4,65.94967532,48.14326154,-,-,2025/11/28,2028/11/28,100,2028/11/28,100,0.008688201,0.008688201,3.86,47.82,58.63,-,-,-,-,5,45000,45000,100,無,代工鞋類產品製造為主要業務，鞋類為運動鞋、休閒鞋等
68902,來億二KY,運動休閒,97.45,0,162.5,245.2,66.27243067,47.04455385,-,-,2025/12/10,2028/12/10,100,2028/12/10,100,0.00954151,0.00954151,3.86,47.82,58.63,-,-,-,-,5,5000,5000,100,無,代工鞋類產品製造為主要業務，鞋類為運動鞋、休閒鞋等
68941,衛司特一,綠能環保,151,102,336,262.4,128.0487805,17.92380952,-,-,2026/3/9,2029/3/9,100,2029/3/9,100,-0.113099216,-0.113099216,2.84,43.04,45.14,1,15,0,0,6,3000,3000,100.00,無,電解設備與耗材及再生金屬服務等
69041,伯鑫一,其他,100.5,0,125,130,96.15384615,4.52,-,-,2025/12/26,2028/12/26,100,2028/12/26,100,-0.001785566,-0.001785566,1.78,18.17,26.19,-,-,-,-,6,1500,1500,100,無,活動扳手、其他手工具
69571,裕慶一KY,其他,103.1,1,165,190,86.84210526,18.72121212,-,-,2025/10/2,2027/10/2,100,2028/10/2,100,-0.019390074,-0.011775517,0,39,42.75,0,1,0,0,5,10000,10000,100,無,各類材質商用展示架、智能電動床機構件之研發、生產及銷售、展場設計服務
69821,大井泵浦一,電機機械,99,0,52.3,63.6,82.2327044,20.39005736,-,-,2025/7/23,2027/7/23,100,2028/7/23,100,0.00744822,0.004282077,-0.58,30.53,42.29,-,-,-,-,7,3000,2994,99.8,無,泵浦製造、電機機械、電子資訊供應服務業
69822,大井泵浦二,電機機械,92.5,0,52.3,61.8,84.62783172,9.30210325,-,-,2025/8/4,2027/8/4,100,2028/8/4,100,0.058371981,0.033899879,-0.58,30.53,42.29,-,-,-,-,7,2000,1944,97.2,無,泵浦製造、電機機械、電子資訊供應服務業
74022,邑錡二,電子–光電,135.8,0,118,97.6,120.9016393,12.32271186,-,-,2025/9/2,2027/9/2,102.01,2028/9/2,100,-0.169440216,-0.106676703,0.05,72.37,66.88,-,-,-,-,6,4000,3950,98.75,無,自有ASIC晶片與低功耗相機模組，具備產品軟硬體開發製造、AI影像機器人視覺產品:建築工程縮時相機、、雲端相機與AI分析平台、低照度與航拍軍工影像設備
75561,意德士一永,電子–半導體,108.5,0,177.5,180.9,98.12050857,10.57830986,-,-,2025/8/12,2028/8/12,100,2028/8/12,100,-0.032456833,-0.032456833,1.56,28.77,44.03,-,-,-,-,6,1000,990,99,無,半導體製程設備之精密零組件與材料、製程次系統之維修
75562,意德士二,電子–半導體,108.5,0,177.5,177.4,100.0563698,8.438873239,-,-,2025/8/15,2028/8/15,100,2028/8/15,100,-0.032346686,-0.032346686,1.56,28.77,44.03,-,-,-,-,6,2000,2000,100,無,半導體製程設備之精密零組件與材料、製程次系統之維修
77131,威力德生醫一,生技醫療,102.1,2,71.6,73.9,96.88768606,5.379748603,2026/03/10,2026/04/04,2025/10/20,2027/10/20,101.0025,2028/10/20,101.0537,-0.006718291,-0.003937311,1.27,22.87,23.26,-,-,-,-,5,5000,5000,100,無,檢驗試劑、資訊服務收入
80212,尖點二,電子–其他電子,142,103,243.5,201.8,120.6640238,17.68213552,-,-,2026/1/20,2029/1/20,100,2031/1/20,100,-0.103606283,-0.060924236,1.06,80.5,70.85,72,76,0,0,4,7000,7000,100,無,電子線路板專用微型鑽針及銑刀之產銷、電子線路板製程加工、電腦數值控制工具機專用切削刀具及加工週邊設備之產銷
80273,鈦昇三,電機機械,156,0,109,64.74,168.3657708,-7.344587156,-,-,2022/7/13,2026/7/13,102.0151,2027/7/13,100,-1.052590198,-0.270155961,0,57.67,56.26,-,-,-,-,6,10000,2543,25.43,無,自動化設備暨零件之設計、研發、製造、安裝及買賣業務
80282,昇陽半導體二,電子–半導體,136.2,81,189,138,136.9565217,-0.552380952,-,-,2025/1/22,2030/1/22,100,2030/1/22,100,-0.068851489,-0.068851489,1.29,50.89,54.16,42,17,0,0,6,20000,11256,56.28,無,晶圓再生及晶圓薄化代工服務
80426,金山電六,電子–電子零組件,106,0,54,60,90,17.77777778,-,-,2025/12/16,2027/12/16,100,2028/12/16,100,-0.032231478,-0.02051676,0,69.75,61.16,-,-,-,-,7,3500,3500,100,無,各種電子器材電容器之製造加工買賣及進出口業務、承包設計各種無線電工程業務、除許可業務外得經營法令非禁止或限制之業務
80506,廣積六,電子–電腦及週邊設備,103.8,0,40.55,63.3,64.0600316,62.03551171,-,-,2022/11/22,2027/11/22,100,2027/11/22,100,-0.021656783,-0.021656783,0.11,22.76,31.33,-,-,-,-,5,16000,7577,47.35,無,工業用主機板、嵌入式電腦系統、工業觸控電腦
80872,麗升能源二,綠能環保,95.5,0,32.45,39.4,82.36040609,15.95377504,-,-,2025/5/2,2027/5/2,102.01,2028/5/2,103.0301,0.06024492,0.036944754,0,50.51,48.59,-,-,-,-,7,5000,4979,99.58,無,各類能源發電案場之開發、設計與工程服務、電廠資產管理及維運服務、儲能服務及再生能源售電
80914,翔名四,電子–半導體,127.95,7,135.5,127,106.6929134,19.92361624,-,-,2024/8/15,2026/8/15,100.25,2027/8/15,100,-0.51646502,-0.153923392,0,37.59,38.13,7,7,0,0,5,5500,5500,100,無,半導體儀器及其設備之製造加工買賣業務（度量衡除外）、電腦及其週邊設備之買賣業務、電子（特許除外）、機械及其零件之買賣業務
80924,建暐四,電子–其他電子,110.55,0,13.3,14.5,91.72413793,20.52443609,-,-,2024/3/11,2027/3/11,100,2027/3/11,100,-0.096489349,-0.096489349,0,38.33,42.54,-,-,-,-,9,1700,919,54.05,有，陽信商業銀行,工具機、治具磨床、數控立式磨床及儀器設計製造銷售、IC封裝模具兼精密零組件設計製造
81042,錸寶二,電子–光電,96,0,34.7,69.98,49.58559588,93.60461095,-,-,2022/1/11,2027/1/11,100,2027/1/11,100,0.05035872,0.05035872,0,48.81,51.04,-,-,-,-,7,6000,839,13.98,無,有機電激發光顯示器〈OLED〉之製造加工及買賣業務
811210,至上十,電子–電子通路,127.25,147,87,73.5,118.3673469,7.504310345,-,-,2024/5/24,2027/5/24,100,2029/5/24,100,-0.179685207,-0.067035219,3.4,60.84,52.17,141,133,0,0,6,30000,30000,100,無,MEMORY88.64%、OTHER8.5%、LSI2.49%、TFT0.37%(電子零組件經銷業務)
81473,正淩三,電子–電子零組件,114.5,19,129.5,132.1,98.0317941,16.7988417,-,-,2024/10/3,2027/10/3,100,2027/10/3,100,-0.08152153,-0.08152153,0.4,41.33,46.52,19,5,0,0,6,3000,2988,99.6,無,連接器67.66%、電子構裝28.94%、模具等3.4%(高速高頻連接器之設計、製造及行銷、連接器生產模治具之設計、製造及行銷、背板、機箱及其零組件之設計、製造及行銷)
81551,博智一,電子–電子零組件,170,42,206,121.6,169.4078947,0.349514563,-,-,2025/1/10,2028/1/10,100,2030/1/10,100,-0.225666843,-0.107583477,0,54.08,59.36,4,42,0,0,4,10000,4846,48.46,無,電子零組件製造業、電子材料批發及零售業、國際貿易業
81714,天宇四,綠能環保,113,0,25.9,30.5,84.91803279,33.06949807,-,-,2024/11/12,2027/11/12,100,2027/11/12,100,-0.069178172,-0.069178172,0,37.41,39.88,-,-,-,-,8,2500,2500,100,有，板信商業銀行、台中商業銀行,工程收入、儲能系統及設備、電池模組
81715,天宇五,綠能環保,98,0,25.9,32.4,79.9382716,22.59459459,-,-,2024/11/14,2027/11/14,101.5075,2027/11/14,101.5075,0.021450982,0.021450982,0,37.41,39.88,-,-,-,-,8,2500,2368,94.72,無,工程收入、儲能系統及設備、電池模組
82102,勤誠二,電子–電腦及週邊設備,129,56,894,1007.2,88.76092137,45.33422819,-,-,2026/1/26,2029/1/26,100,2029/1/26,100,-0.078296053,-0.078296053,8.61,55.56,57.43,56,24,0,0,4,8000,8000,100,無,電腦應用軟體設計工程業務、有關電腦用品及週邊設備之進出口貿易業務、有關電腦週邊設備及其用品耗材主件系統之研展製造加工及買賣業務
82103,勤誠三,電子–電腦及週邊設備,130,69,894,985.3,90.73378666,43.27628635,-,-,2026/2/3,2029/2/3,100,2029/2/3,100,-0.079763986,-0.079763986,8.61,55.56,57.43,54,55,0,0,4,7000,7000,100,無,電腦應用軟體設計工程業務、有關電腦用品及週邊設備之進出口貿易業務、有關電腦週邊設備及其用品耗材主件系統之研展製造加工及買賣業務
82551,朋程一,電機機械,103,33,125.5,196.2,63.96534149,61.0247012,2026/03/29,2026/05/27,2023/8/9,2026/8/9,100,2026/8/9,100,-0.07232019,-0.07232019,1.68,39.61,43.28,31,33,0,0,4,8000,7999,99.98,無,電子零組件製造業
82993,群聯三,電子–半導體,119.3,591,1800,2488,72.34726688,64.89911111,-,-,2026/2/6,2029/2/6,100,2031/2/6,100,-0.055758845,-0.033006494,22.08,76.63,64.77,454,268,0,0,3,60000,60000,100,無,IC設計業、半導體業、電腦及週邊設備業
83742,羅昇二,電機機械,95,0,73.5,132.5,55.47169811,71.2585034,-,-,2024/11/15,2027/11/15,100,2027/11/15,100,0.031492666,0.031492666,-1.25,49.88,54.59,-,-,-,-,6,5000,5000,100,無,變頻器/自動化驅動控制系統、自動化傳動系列、控制器及監控系統
84041,百和興業一KY,其他,110,0,20.15,26.8,75.18656716,46.30272953,-,-,2025/10/3,2027/10/3,100,2028/10/3,100,-0.058521725,-0.03556465,0,35.47,39.3,-,-,-,-,7,10000,10000,100,有，王道銀行、玉山銀行、安泰銀行、上海商銀、東亞銀行以、台新銀行,成衣、鞋類及運動用品之輔料黏扣帶、織帶(鞋帶)之產製及銷售、成衣、鞋類及運動用品之鬆緊帶、針織緹花網布等材料之產製及銷售
84113,福貞三KY,其他,100,0,12.1,13.3,90.97744361,9.917355372,-,-,2025/8/1,2028/8/1,100.7519,2030/8/1,100,0.003154523,0,0,14.09,20.87,-,-,-,-,6,12000,12000,100,有，玉山商業銀行股份有限公司,馬口鐵、鋁罐及相關產品製造與銷售，充填代工生產
84221,可寧衛一,綠能環保,238,0,30.2,14.6,206.8493151,15.05960265,-,-,2022/11/22,2027/11/22,102.5251,2027/11/22,102.5251,-0.336736026,-0.336736026,-9.18,59.71,44.91,-,-,-,-,4,25000,118,0.47,無,1環境服務(廢棄物清除處理及環境整治)、2循環經濟3雲端智能管理4再生能源
84222,可寧衛二,綠能環保,161,0,30.2,19,158.9473684,1.291390728,-,-,2025/4/7,2028/4/7,100,2030/4/7,105.101,-0.183411042,-0.085395921,-9.18,59.71,44.91,-,-,-,-,4,20000,1033,5.16,無,1環境服務(廢棄物清除處理及環境整治)、2循環經濟3雲端智能管理4再生能源
84312,匯鑽科二,電子–其他電子,102.3,7,68,68,100,2.3,-,-,2026/1/5,2028/1/5,100,2029/1/5,100,-0.012414911,-0.007990512,0,62.47,57.72,5,0,0,0,7,3000,3000,100,無,金屬表面處理服務
84332,弘帆二,居家生活,99.25,0,55.7,94,59.25531915,67.49551167,-,-,2024/5/24,2026/5/24,100.5,2027/5/24,100,0.065671105,0.006340658,0,26.01,31.19,-,-,-,-,6,1000,1000,100,無,流行髮飾梳子珠寶手袋及其他等進出口業務
84333,弘帆三,居家生活,99.2,21,55.7,97.8,56.95296524,74.17881508,-,-,2024/5/27,2026/5/27,100.5,2027/5/27,100,0.065524194,0.00672043,0,26.01,31.19,21,1,0,0,6,4000,4000,100,無,流行髮飾梳子珠寶手袋及其他等進出口業務
84422,威宏二KY,其他,102.15,2,63,73.9,85.25033829,19.82357143,-,-,2023/10/19,2026/10/19,100,2026/10/19,100,-0.035240045,-0.035240045,0,27.14,34.3,-,-,-,-,6,4000,3615,90.37,有，台北富邦商業銀行股份有限公司,生產各類型運動用手套、護具等專業運動醫療防護用品、專業生產精品手袋、錢包、拉杆箱及休閒袋等各類箱包
84623,柏文三,運動休閒,101.5,2,145.5,141.2,103.0453258,-1.499656357,2026/03/29,2026/05/27,2023/4/14,2026/4/14,100,2026/4/14,100,-0.179802956,-0.179802956,2.8,25.49,30.48,0,2,0,0,5,3000,2667,88.9,無,經營會員制連鎖健身中心及休閒運動場館、健身課程等服務
84662,美吉吉二KY,其他,95.3,0,19.3,48.2,40.04149378,138.0031088,2026/04/25,2026/06/23,2023/7/26,2026/7/26,100,2026/7/26,100,0.135346235,0.135346235,0,30.69,34.95,-,-,-,-,6,5000,252,5.04,無,片材型塑膠地板生產與銷售
84672,波力二KY,運動休閒,110.05,0,153.5,188.9,81.25992589,35.42960912,-,-,2024/5/30,2027/5/30,100,2027/5/30,100,-0.075584073,-0.075584073,0.61,47.44,51.49,-,-,-,-,6,2100,1160,55.23,有，台北富邦商業銀行股份有限公司,碳纖維複材用品、非碳纖維複材用品
84673,波力三KY,運動休閒,103.65,0,153.5,230.4,66.62326389,55.57628664,-,-,2024/5/31,2027/5/31,100,2027/5/31,100,-0.029079983,-0.029079983,0.61,47.44,51.49,-,-,-,-,6,3900,3633,93.15,無,碳纖維複材用品、非碳纖維複材用品
84732,山林水二,綠能環保,111,0,37.75,34.1,110.7038123,0.267549669,-,-,2021/9/28,2026/9/28,101.26,2026/9/28,101.26,-0.162578314,-0.162578314,0,33.87,37.16,-,-,-,-,6,10000,2457,24.57,無,水處理操作維護收入49.03%、水處理承攬工程收入20.29%、服務特許權收入18.37%、事業廢棄物處理收入11.36%、其他營業收入0.94%(環境保護工程營造業、廢(污)水處理業)
84781,東哥遊艇一,運動休閒,93.3,5,163.5,369.5,44.24898512,110.8522936,-,-,2024/7/15,2027/7/15,100,2027/7/15,100,0.053821657,0.053821657,2.61,37.56,49.13,2,4,0,0,5,15000,15000,100,無,豪華遊艇及其零配件製造及銷售
84881,吉源一KY,其他,98.35,0,9.74,18.4,52.93478261,85.79466119,-,-,2023/12/19,2026/12/19,100,2026/12/19,100,0.021948166,0.021948166,0,22.16,25.91,-,-,-,-,7,3000,3000,100,有，玉山銀行、王道銀行,馬口鐵罐、鋁罐等金屬包裝材料之製造及銷售
84891,三貝德一,其他,127.3,0,26.25,27.9,94.08602151,35.30171429,-,-,2024/12/9,2026/12/9,100.2001,2027/12/9,100,-0.288854986,-0.123463291,0,48.41,52.8,-,-,-,-,6,3329.921,1941,64.7,有，上海商業儲蓄銀行股分有限公司竹科分公司,數位學習內容產品、補習教育收入及其他
89277,北基七,油電燃氣,104.5,0,24.05,50.79,47.35184091,120.6883576,2026/04/28,2026/06/26,2024/8/16,2027/8/16,101.5075,2027/8/16,101.5075,-0.020139254,-0.020139254,0,45.89,40.47,-,-,-,-,7,5900,5900,100,有，合作金庫商業銀行股份有限公司,加油站供售汽柴油、汽機車之潤滑與保養等週邊油品零售、洗車、車輛用液化石油氣、除許可業務外，得經營法令非禁止或限制之業務
89278,北基八,油電燃氣,99,0,24.05,47.4,50.73839662,95.11850312,2026/04/28,2026/06/26,2024/8/21,2026/8/21,102.01,2027/8/21,101.5075,0.069795439,0.017642792,0,45.89,40.47,-,-,-,-,7,5000,4998,99.96,無,加油站供售汽柴油、汽機車之潤滑與保養等週邊油品零售、洗車、車輛用液化石油氣、除許可業務外，得經營法令非禁止或限制之業務
89964,高力四,電機機械,399,15,899,233.5,385.0107066,3.633481646,2026/03/10,2026/04/04,2023/12/6,2026/12/6,100.7519,2028/12/6,100,-1.025689755,-0.274344336,0,78.92,70.42,0,15,0,0,5,10000,558,5.58,無,熱能產品85.95%、板式熱交換器14.05%(板式熱交換器、熱能產品)
98026,鈺齊六KY,運動休閒,107,43,85.8,106.4,80.63909774,32.68997669,2026/02/24,2026/03/22,2024/11/15,2026/11/15,101.0025,2027/11/15,100,-0.08350515,-0.03914509,1.79,31.75,44.08,35,43,0,0,4,10000,9998,99.98,無,運動鞋及戶外鞋之代工生產、銷售
99063,欣巴巴三,建材營建,92.5,2,41.7,101.5,41.08374384,125.1498801,-,-,2025/2/27,2027/2/27,103.0225,2028/2/27,104.5678,0.118971966,0.066693118,2.08,40.59,40.93,-,-,-,-,8,7000,7000,100,無,營建收入99.99%、租賃收入0.01%(委託營造廠商興建商業大樓及國民住宅出租、出售業務、室內裝潢設計施工承包業務、其他)
99332,中鼎二,其他,94.3,43,33.85,45.5,74.3956044,26.75480059,-,-,2024/7/23,2027/7/23,100,2029/7/23,100,0.044570841,0.017995568,2.14,29.03,39.34,13,3,0,0,5,60000,59999,99.99,無,工程規劃、設計、採購、建造、專案管理、設備製作、監理、製作、環境評估等工程技術服務工作
99353,慶豐富三,居家生活,96.9,0,19.55,32.2,60.71428571,59.6,-,-,2024/10/14,2026/10/14,100,2027/10/14,100,0.054821533,0.020202399,0,24.92,34.04,-,-,-,-,7,3000,3000,100,無,窗簾88.4%、家飾品10.97%、其他0.63%(各種百葉窗百摺簾等窗簾製品及有關附屬零件製造加工內外銷、塑膠玩具塑膠建材之製造加工及內外銷、各項木製品(傢俱玩具藝品)之製造加工及買賣)
99392,宏全二,其他,102.2,73,120.5,161.2,74.75186104,36.71900415,-,-,2024/10/29,2027/10/29,100,2029/10/29,100,-0.013249819,-0.005934398,1.5,20.71,25.81,67,15,0,0,4,40000,39999,99.99,無,塑蓋、鋁蓋、爪蓋、標籤、PET瓶、瓶胚、飲料充填代工業務
99412,裕融二,其他,97.05,23,75.7,179.3,42.21974345,129.8687583,-,-,2023/11/20,2026/11/20,100,2028/11/20,100,0.044379186,0.01130968,0,22.38,27.73,0,20,0,0,-,80000,80000,100,無,租賃收入33.67%、應收帳款收買利息收入20.56%、分期付款銷貨利息收入14.1%、融資租賃利息收入9.82%、車輛銷貨收入8.5%(汽車分期付款買賣業務、展示車業務)
99587,世紀鋼七,鋼鐵工業,98.5,0,127.5,241.7,52.75134464,86.72509804,-,-,2024/10/28,2026/10/28,100.5,2027/10/28,100,0.032648315,0.009389148,1.79,36,48.04,-,-,-,-,5,40000,40000,100.00,無,有關各種鐵骨/不銹鋼桶/建築材料等加工製造買賣、及相關業務;按裝工程業務(營造業除外)/大樓鋼結構買賣、代理國內外有關廠商產品經銷/報價投標業務
99588,世紀鋼八永,鋼鐵工業,98.4,50,127.5,232.7,54.79157714,79.58964706,-,-,2024/11/8,2026/11/8,100.5,2027/11/8,100,0.032729555,0.009842387,1.79,36,48.04,-,-,-,-,5,20000,20000,100.00,無,有關各種鐵骨/不銹鋼桶/建築材料等加工製造買賣、及相關業務;按裝工程業務(營造業除外)/大樓鋼結構買賣、代理國內外有關廠商產品經銷/報價投標業務
