日期,代號,名稱,名目本金,成交筆數,權利金最低,權利金最高,權利金平均,契約期間
20260202,11011,台泥一永,18500000,4,4.95,6.06,5.6773,2
20260202,14722,三洋實業二,100000,1,5.5,5.5,5.5,2
20260202,15142,亞力二,4000000,20,31.9,34.52,33.1808,2
20260202,15601,中砂一,2200000,7,45.72,49.18,46.8473,2
20260202,15864,和勤四,100000,1,7.42,7.42,7.42,1
20260202,16095,大亞五,9200000,31,12.55,14.98,13.9524,2
20260202,20344,允強四,1400000,2,17.7317,17.75,17.7343,2
20260202,22283,劍麟三,2400000,5,19.32,20.01,19.4021,2
20260202,22331,宇隆一,88100000,78,43.02,48.24,44.2492,3
20260202,22471,汎德永業一,400000,4,10.56,11.4,10.88,3
20260202,23511,順德一,4200000,11,32.35,37.11,34.2162,3
20260202,23683,金像電三,35900000,34,63.55,70.05,67.322,3
20260202,24023,毅嘉三,800000,7,26.41,27.715,27.095,2
20260202,24361,偉詮電一,600000,2,10.77,11.82,11.645,1
20260202,24394,美律四,300000,2,8.51,8.89,8.6367,2
20260202,24395,美律五,2600000,8,6.57,7.09,6.7635,2
20260202,24552,全新二,24600000,63,41,46.92,43.9112,3
20260202,24672,志聖二,7600000,24,27.8,32.39,29.9255,2
20260202,24673,志聖三,35500000,51,28.57,32.66,30.49,2
20260202,24866,一詮六,100000,1,24.87,24.87,24.87,1
20260202,25483,華固三,1700000,1,7.8824,7.8824,7.8824,2
20260202,25484,華固四,2200000,2,9.06,9.545,9.1041,2
20260202,27271,王品一,1800000,4,2.72,2.94,2.8644,1
20260202,27271,王品一,700000,2,10.77,10.9367,10.8414,3
20260202,27431,山富一,500000,1,6.35,6.35,6.35,2
20260202,27451,五福一,2300000,4,10.04,13.69,10.8104,2
20260202,27531,八方雲集一,1000000,1,15.79,15.79,15.79,3
20260202,30134,晟銘電四,1600000,6,16.36,20.88,19.1275,2
20260202,30337,威健七,2000000,1,10.11,10.11,10.11,2
20260202,30371,欣興一,3500000,11,122.56,129.19,126.5794,3
20260202,30401,遠見一,300000,1,14.15,14.15,14.15,2
20260202,30454,台灣大四,300000,1,3.39,3.39,3.39,3
20260202,30455,台灣大五,500000,1,6.73,6.73,6.73,3
20260202,31311,弘塑一,9200000,28,27.17,28.77,27.9343,3
20260202,31312,弘塑二,2100000,10,33.01,34.8238,34.0343,3
20260202,31672,大量二,2200000,5,37.18,38.02,37.7664,3
20260202,32608,威剛八,27200000,41,64.84,69.34,66.7708,2
20260202,33133,斐成三,100000,1,13.87,13.87,13.87,2
20260202,33245,雙鴻五,5700000,10,49.33,50.63,49.9532,2
20260202,33571,臺慶科一,4500000,20,37.34,45.24,40.2411,1
20260202,33621,先進光一,100000,1,8.09,8.09,8.09,2
20260202,33763,新日興三,1500000,8,28.42,30.11,29.492,2
20260202,34163,融程電三,1200000,2,30.41,31.48,31.3017,1
20260202,34793,安勤三,200000,2,8.75,9.21,8.98,1
20260202,34834,力致四,1000000,4,9.39,10.33,9.686,2
20260202,35161,亞帝歐一,200000,1,10.03,10.03,10.03,2
20260202,35265,凡甲五,86200000,13,55.9,56.4,56.1826,1
20260202,35266,凡甲六,600000,1,35.67,35.67,35.67,1
20260202,35267,凡甲七,1300000,4,22.45,23.35,22.5685,3
20260202,35431,州巧一,600000,4,33.96,36.68,34.4533,3
20260202,35482,兆利二,17700000,2,5.43,5.48,5.4325,1
20260202,35513,世禾三,2000000,4,33.45,34.52,34.2525,3
20260202,35832,辛耘二,2200000,10,17.09,18.17,17.6768,1
20260202,35871,閎康一,6400000,25,15.77,17.79,16.8969,1
20260202,36173,碩天三,3500000,6,11.44,11.94,11.6611,3
20260202,36804,家登四,400000,4,28.38,28.85,28.565,1
20260202,36872,歐買尬二,500000,1,9.93,9.93,9.93,2
20260202,36913,碩禾三,3400000,13,17.37,18.42,17.6538,2
20260202,370201,大聯大E1,23700000,13,19.46,22.23,21.2782,3
20260202,37022,大聯大二,600000,2,6.81,6.95,6.9267,2
20260202,37151,定穎投控一,10400000,24,47.73,50.6756,48.9267,3
20260202,37171,聯嘉投控一,31700000,13,10.14,11.73,11.2621,2
20260202,41295,聯合五,1900000,1,23.65,23.65,23.65,3
20260202,41645,承業醫五,2200000,2,13.5,14.46,13.7182,3
20260202,41684,醣聯四,2200000,9,26.82,30.4,28.6714,3
20260202,44383,廣越三,1600000,3,13.5,14.95,14.4688,3
20260202,45554,氣立四,3700000,8,11.31,12.21,11.6497,3
20260202,45721,駐龍一,800000,3,8.4,8.53,8.4538,1
20260202,47223,國精化三,100000,1,33.61,33.61,33.61,3
20260202,47393,康普三,1200000,5,5.07,5.42,5.1908,1
20260202,47394,康普四,3800000,19,20.59,24.48,21.8918,3
20260202,47721,台特化一,16600000,42,31.12,33.1,32.1176,3
20260202,49066,正文六,200000,2,13.36,14.66,14.01,1
20260202,49674,十銓四,50300000,29,69.8,74.9,71.5566,3
20260202,50097,榮剛七,4000000,1,0.67,0.67,0.67,1
20260202,52011,凱衛一,300000,1,28.52,28.52,28.52,3
20260202,52635,智崴五,29900000,5,17.39,17.49,17.4127,2
20260202,53096,系統電六,10600000,24,24.1167,27.7833,26.4029,3
20260202,53097,系統電七,6000000,3,21.02,31.17,29.84,2
20260202,53887,中磊七,8000000,16,7.32,9.89,8.3134,1
20260202,54391,高技一,4600000,9,29.91,33.16,30.7952,3
20260202,54501,南良一,1000000,4,10.89,10.99,10.954,3
20260202,56087,四維航七,1000000,6,14.33,14.68,14.515,2
20260202,61843,大豐電三,600000,2,2.98,3.03,3.0217,2
20260202,61875,萬潤五,600000,2,45.07,45.87,45.3367,2
20260202,61894,豐藝四,100000,1,21.22,21.22,21.22,1
20260202,61907,萬泰科七,3800000,15,34.9,38.05,36.3782,3
20260202,61965,帆宣五,100000,1,116.13,116.13,116.13,1
20260202,61973,佳必琪三,3800000,8,27.29,29.4,28.4187,2
20260202,61993,天品三,3000000,1,19.83,19.83,19.83,2
20260202,62075,雷科五,100000,1,22.49,22.49,22.49,2
20260202,62076,雷科六,200000,2,18.15,19.45,18.8,2
20260202,62093,今國光三,1300000,5,61.98,63.03,62.3592,3
20260202,62695,台郡五,2200000,2,6.97,6.97,6.97,2
20260202,62745,台燿五,18000000,51,46.32,50.72,47.9088,3
20260202,62822,康舒二,75700000,98,18.65,21.36,20.0843,1
20260202,62843,佳邦三,1400000,5,19.17,20.6833,19.7786,1
20260202,64145,樺漢五,4000000,14,12.14,13.71,12.4463,1
20260202,64422,光聖二,2700000,9,67.24,73.96,71.6167,2
20260202,64423,光聖三,4000000,9,71.33,77.33,73.0443,2
20260202,64693,大樹三,200000,1,11.79,11.79,11.79,3
20260202,65096,聚和六,300000,3,7.85,8.15,7.9833,1
20260202,65101,精測一,2100000,8,73.7,79.77,76.0338,3
20260202,65331,晶心科一,10000000,1,10.52,10.52,10.52,3
20260202,65521,易華電一,1500000,4,3.7,3.97,3.85,1
20260202,66292,泰金二KY,1000000,2,8.9,8.9,8.9,1
20260202,66642,群翊二,3500000,9,25.83,27.93,26.8026,2
20260202,66702,復盛應用二,22800000,18,18.77,20.96,19.4029,3
20260202,66721,騰輝電子一KY,14700000,2,11.6299,12.37,11.6803,2
20260202,67062,惠特二,10000000,2,3.98,4.06,4.02,2
20260202,67152,嘉基二,500000,2,11.27,15.46,13.784,1
20260202,67531,龍德造船一,1900000,7,32.48,35.63,34.7726,2
20260202,67711,平和環保一創,2000000,1,6.59,6.59,6.59,2
20260202,68301,汎銓一,2900000,3,28.25,29.5086,28.6448,1
20260202,68901,來億一KY,16800000,11,16.34,18.24,17.0235,3
20260202,75562,意德士二,200000,1,18.13,18.13,18.13,3
20260202,80212,尖點二,21000000,89,36.89,45.15,40.2238,3
20260202,80426,金山電六,2000000,1,26.42,26.42,26.42,2
20260202,80914,翔名四,2700000,5,27.78,28.5,27.9044,1
20260202,80924,建暐四,15100000,3,25.34,25.39,25.3662,2
20260202,811210,至上十,7800000,11,24.63,28.62,26.8221,2
20260202,81551,博智一,1200000,7,77.36,83.34,79.28,2
20260202,82102,勤誠二,257500000,216,28.07,32.97,29.9485,3
20260202,84041,百和興業一KY,500000,1,14.37,14.37,14.37,2
20260202,84113,福貞三KY,100000,1,4.94,4.94,4.94,3
20260202,84732,山林水二,100000,1,12.33,12.33,12.33,1
20260202,99392,宏全二,600000,3,6.75,6.75,6.75,2
20260203,11011,台泥一永,700000,3,5.56,5.66,5.6457,2
20260203,15142,亞力二,7300000,32,33.58,37.58,36.3341,2
20260203,15601,中砂一,1200000,6,47.31,51.61,50.2258,2
20260203,16095,大亞五,7400000,14,12.81,14.76,13.6099,2
20260203,22283,劍麟三,1500000,1,22.91,22.91,22.91,2
20260203,22331,宇隆一,121000000,59,39.37,45.69,42.4368,3
20260203,22471,汎德永業一,3600000,3,11.07,11.37,11.2239,3
20260203,22472,汎德永業二,1300000,4,11.92,12.42,12.1515,3
20260203,23511,順德一,500000,4,36.84,40.2,38.088,3
20260203,23683,金像電三,76200000,40,68.04,77.04,73.0548,3
20260203,24023,毅嘉三,4700000,11,28.45,30.93,28.9696,2
20260203,24361,偉詮電一,300000,2,12.91,13.26,13.0267,1
20260203,24552,全新二,36100000,63,44.45,49.36,46.5976,3
20260203,24553,全新三,313900000,87,46.94,52.9,47.3387,3
20260203,24672,志聖二,13700000,34,31.33,37.08,34.3405,2
20260203,24673,志聖三,51200000,103,29.78,37.7,34.5695,2
20260203,24762,鉅祥二,100000,1,30.35,30.35,30.35,1
20260203,24866,一詮六,600000,1,32.62,32.62,32.62,1
20260203,26107,華航七,100000,1,35.83,35.83,35.83,1
20260203,26418,正德八,1000000,2,15.7,16.06,15.772,3
20260203,27271,王品一,4600000,4,10.91,11.2626,11.0567,3
20260203,27431,山富一,1700000,3,6.28,6.55,6.3735,2
20260203,27451,五福一,600000,4,13.12,13.38,13.235,2
20260203,27531,八方雲集一,2500000,2,15.28,15.55,15.3016,3
20260203,30134,晟銘電四,300000,3,19.81,20.92,20.4133,2
20260203,30165,嘉晶五,300000,1,18.5,18.5,18.5,2
20260203,30371,欣興一,4900000,8,136.31,144.43,142.56,3
20260203,31311,弘塑一,5100000,24,27.51,30.77,28.6318,3
20260203,31312,弘塑二,700000,3,33.81,34.12,34.04,3
20260203,31672,大量二,700000,3,36.77,40.02,37.4486,3
20260203,32608,威剛八,48900000,63,55.83,71.96,65.248,2
20260203,33133,斐成三,100000,1,14.24,14.24,14.24,2
20260203,33245,雙鴻五,17900000,42,52.02,57.52,55.2034,2
20260203,33571,臺慶科一,5500000,5,40.25,43.39,40.7096,1
20260203,33621,先進光一,800000,2,7.69,8.09,7.89,2
20260203,33763,新日興三,2100000,6,31.75,33.37,32.2986,2
20260203,33881,崇越電一,1400000,2,10.98,11.23,11.2121,2
20260203,33902,旭軟二,200000,2,24.82,24.91,24.865,3
20260203,34163,融程電三,500000,1,30.47,30.47,30.47,1
20260203,34793,安勤三,1000000,2,8.74,8.95,8.845,1
20260203,34834,力致四,300000,1,9.88,9.88,9.88,2
20260203,35266,凡甲六,4600000,4,35.65,38.56,37.3593,1
20260203,35267,凡甲七,2200000,8,24.39,25.64,25.0273,3
20260203,35431,州巧一,100000,1,34.33,34.33,34.33,3
20260203,35482,兆利二,100000,1,5.4,5.4,5.4,1
20260203,35513,世禾三,1800000,5,28.56,34.51,33.7156,3
20260203,35832,辛耘二,300000,3,19.03,19.3,19.16,1
20260203,35871,閎康一,4500000,14,16.58,17.78,17.14,1
20260203,36173,碩天三,1300000,4,11.55,12.38,12.06,3
20260203,36804,家登四,600000,4,26.12,29.44,26.9017,1
20260203,36913,碩禾三,2200000,9,17.42,19.92,18.0609,2
20260203,370201,大聯大E1,18200000,17,17.85,21.92,19.2797,3
20260203,37022,大聯大二,1000000,1,6.69,6.69,6.69,2
20260203,37083,上緯投控三,900000,5,37.52,44.57,38.6778,1
20260203,37151,定穎投控一,12700000,24,49.22,51.91,50.0789,3
20260203,37171,聯嘉投控一,9200000,11,10.06,10.82,10.372,2
20260203,41135,聯上五,1300000,1,16.88,16.88,16.88,3
20260203,41295,聯合五,1800000,4,22.95,25.73,25.4561,3
20260203,41645,承業醫五,200000,1,13.95,13.95,13.95,3
20260203,41684,醣聯四,1300000,3,26.29,26.34,26.2977,3
20260203,44383,廣越三,1300000,5,12.99,14.4233,13.4562,3
20260203,45554,氣立四,800000,4,11.43,11.56,11.4925,3
20260203,45581,寶緯一,1300000,3,7.71,8.16,7.7446,3
20260203,45721,駐龍一,1000000,3,8.26,8.39,8.336,1
20260203,47223,國精化三,900000,2,34.18,39.83,39.2022,3
20260203,47393,康普三,5900000,20,5.51,9.4017,7.6593,1
20260203,47394,康普四,26200000,101,24.35,28.88,25.9789,3
20260203,47721,台特化一,13600000,14,32.38,33.59,33.1121,3
20260203,49066,正文六,1200000,2,14.15,15.33,15.1333,1
20260203,49674,十銓四,18800000,42,65.79,83.09,71.0553,3
20260203,50097,榮剛七,50500000,2,1.35,1.69,1.3534,1
20260203,52011,凱衛一,1000000,2,26.51,26.51,26.51,3
20260203,52635,智崴五,51800000,4,17.33,17.68,17.3364,2
20260203,53096,系統電六,3200000,4,24.22,28.45,27.4544,3
20260203,53097,系統電七,14700000,7,24.96,32.06,29.1859,2
20260203,53887,中磊七,3300000,9,6.33,7.28,6.7706,1
20260203,54391,高技一,1000000,3,32.76,33.25,32.923,3
20260203,56087,四維航七,200000,1,15.55,15.55,15.55,2
20260203,61263,信音三,1000000,2,46.58,49.12,48.612,1
20260203,61828,合晶八,6000000,3,21.29,21.57,21.5233,2
20260203,61843,大豐電三,2000000,1,2.83,2.83,2.83,2
20260203,61875,萬潤五,100000,1,42.01,42.01,42.01,2
20260203,61894,豐藝四,100000,1,26.55,26.55,26.55,1
20260203,61907,萬泰科七,2100000,10,36.74,38.74,37.6462,3
20260203,61973,佳必琪三,600000,3,28.71,28.99,28.8,2
20260203,62075,雷科五,100000,1,18.68,18.68,18.68,2
20260203,62076,雷科六,2500000,1,18.31,18.31,18.31,2
20260203,62093,今國光三,1100000,5,61.56,65.21,63.9264,3
20260203,62194,富旺四,300000,3,9.74,10.27,9.96,3
20260203,62695,台郡五,1300000,1,6.82,6.82,6.82,2
20260203,62745,台燿五,12100000,32,47.56,49.92,48.7664,3
20260203,62822,康舒二,23500000,48,18.59,22.3,20.3439,1
20260203,62843,佳邦三,3400000,9,20.12,21.08,20.7729,1
20260203,64145,樺漢五,1700000,8,12.38,13.5667,13.0071,1
20260203,64422,光聖二,9000000,31,66.95,76.95,72.6411,2
20260203,64423,光聖三,3000000,10,74.32,82.32,76.2563,2
20260203,64693,大樹三,300000,1,11.79,11.79,11.79,3
20260203,65096,聚和六,3300000,5,7.88,8.74,8.457,1
20260203,65101,精測一,5300000,11,79.82,89.32,84.7717,3
20260203,65521,易華電一,1000000,4,3.61,3.97,3.79,1
20260203,65841,南俊國際一,400000,1,72.06,72.06,72.06,1
20260203,66642,群翊二,3800000,12,27.59,29.52,28.2432,2
20260203,66702,復盛應用二,6500000,22,20.04,21.71,20.6718,3
20260203,66721,騰輝電子一KY,13000000,3,12.565,13.16,12.9585,2
20260203,67152,嘉基二,1400000,4,15.68,19.66,16.3264,1
20260203,67531,龍德造船一,3000000,3,34.31,35.02,34.5083,2
20260203,67681,志強一KY,300000,2,23.39,23.62,23.4667,2
20260203,68541,錼創科技一KY創,1000000,3,5.06,5.15,5.105,2
20260203,68901,來億一KY,11800000,8,14.59,17.88,16.1639,3
20260203,68902,來億二KY,1700000,4,14.93,16.79,15.4312,3
20260203,74022,邑錡二,400000,1,32.47,32.47,32.47,2
20260203,75561,意德士一永,1500000,1,15.25,15.25,15.25,3
20260203,75562,意德士二,800000,1,15.25,15.25,15.25,3
20260203,80212,尖點二,13900000,54,39.89,44.98,42.755,3
20260203,80426,金山電六,10000000,1,25.28,25.28,25.28,2
20260203,80914,翔名四,1800000,4,27.28,27.69,27.3394,1
20260203,811210,至上十,6700000,13,21.02,25.09,23.6824,2
20260203,81473,正淩三,2500000,4,11.34,14.39,13.332,2
20260203,81551,博智一,300000,2,79.88,80.33,80.03,2
20260203,82102,勤誠二,81500000,112,30.96,37.46,33.2827,3
20260203,82551,朋程一,100000,1,5.45,5.45,5.45,1
20260203,84041,百和興業一KY,1200000,4,13.87,14.88,14.4783,2
20260203,84672,波力二KY,500000,1,21.96,21.96,21.96,2
20260203,98026,鈺齊六KY,1000000,6,13.95,16.75,14.768,1
20260203,99392,宏全二,1900000,6,6.85,7.4588,7.3726,2
20260204,11011,台泥一永,2300000,2,5.21,5.7,5.5296,2
20260204,13166,上曜六,300000,1,8.2833,8.2833,8.2833,1
20260204,140202,遠東新E2永,700000,2,1.62,1.92,1.6629,2
20260204,15142,亞力二,1500000,10,34.36,37.11,35.5793,2
20260204,15601,中砂一,5800000,13,46.53,47.52,46.8412,2
20260204,16095,大亞五,6400000,16,12.03,14.41,12.9902,2
20260204,20344,允強四,200000,2,14.72,16.73,15.725,2
20260204,22283,劍麟三,1100000,2,22.885,23,22.8955,2
20260204,22331,宇隆一,20400000,29,39.86,42.9343,41.657,3
20260204,23511,順德一,600000,1,37.66,37.66,37.66,3
20260204,23683,金像電三,44900000,17,76.51,83.04,78.4611,3
20260204,24023,毅嘉三,600000,3,28.74,28.97,28.8733,2
20260204,24361,偉詮電一,2600000,1,11.82,11.82,11.82,1
20260204,24394,美律四,400000,2,7.5,8.77,8.135,2
20260204,24552,全新二,14300000,48,46.89,55.4,50.1711,3
20260204,24553,全新三,16000000,15,51.1,61.44,54.6693,3
20260204,24672,志聖二,5200000,20,34.62,39.27,37.8213,2
20260204,24673,志聖三,23600000,57,33.58,38.29,36.2798,2
20260204,24762,鉅祥二,500000,1,32.44,32.44,32.44,1
20260204,24866,一詮六,1700000,1,35.4282,35.4282,35.4282,1
20260204,26107,華航七,100000,1,35.72,35.72,35.72,1
20260204,26418,正德八,500000,1,16.9,16.9,16.9,3
20260204,27271,王品一,200000,1,3.53,3.53,3.53,1
20260204,27271,王品一,1300000,4,10.6,11.35,11.0038,3
20260204,27324,六角四,2800000,2,8.95,10.45,10.2893,2
20260204,27431,山富一,500000,1,6.78,6.78,6.78,2
20260204,27531,八方雲集一,3700000,3,15.28,15.54,15.3292,3
20260204,27532,八方雲集二,1500000,3,15.36,15.62,15.4467,3
20260204,27551,揚秦一,100000,1,38.93,38.93,38.93,2
20260204,30134,晟銘電四,1200000,7,19.3,20.72,19.9892,2
20260204,30371,欣興一,2200000,8,131.64,146.17,138.9164,3
20260204,30401,遠見一,1000000,1,15.08,15.08,15.08,2
20260204,30455,台灣大五,900000,1,6.38,6.38,6.38,3
20260204,30882,艾訊二,100000,1,10.18,10.18,10.18,1
20260204,30954,及成四,200000,1,15.29,15.29,15.29,2
20260204,31311,弘塑一,2900000,7,28.15,29.11,28.5403,3
20260204,31312,弘塑二,1600000,7,33.55,35.51,35.1525,3
20260204,31672,大量二,700000,5,37.86,40.63,39.1643,3
20260204,32571,虹冠電一,200000,1,20.43,20.43,20.43,2
20260204,32608,威剛八,39700000,38,57.82,62.95,59.8095,2
20260204,33245,雙鴻五,11200000,41,56.12,60.51,57.8221,2
20260204,33571,臺慶科一,1300000,4,42.45,45.22,43.6,1
20260204,33621,先進光一,600000,3,7.46,8.08,7.81,2
20260204,33763,新日興三,1000000,7,33.41,35.82,34.988,2
20260204,34163,融程電三,2200000,2,30.44,30.46,30.4582,1
20260204,34793,安勤三,2300000,2,8.81,8.81,8.81,1
20260204,34834,力致四,500000,2,9.38,9.87,9.478,2
20260204,34843,崧騰三,900000,1,23.85,23.85,23.85,1
20260204,35266,凡甲六,3000000,2,37.64,37.99,37.8733,1
20260204,35267,凡甲七,600000,5,24.38,25.68,25.2133,3
20260204,35431,州巧一,500000,1,33.51,33.51,33.51,3
20260204,35482,兆利二,200000,2,3.06,3.06,3.06,1
20260204,35513,世禾三,300000,3,33.21,34.5,33.7367,3
20260204,35642,其陽二,7000000,1,2.02,2.02,2.02,2
20260204,35832,辛耘二,3500000,11,17.07,17.84,17.3066,1
20260204,35871,閎康一,7500000,26,16.92,18.97,17.8885,1
20260204,36173,碩天三,1500000,6,10.34,11.88,10.8567,3
20260204,36804,家登四,500000,4,27.56,28.58,28.156,1
20260204,36913,碩禾三,12700000,23,19.8708,25.96,23.8421,2
20260204,370201,大聯大E1,3100000,4,19.77,21.4017,20.8277,3
20260204,37022,大聯大二,1000000,1,6.55,6.55,6.55,2
20260204,37023,大聯大三,200000,1,7.98,7.98,7.98,2
20260204,37151,定穎投控一,21800000,23,49.2138,57.64,53.7888,3
20260204,37171,聯嘉投控一,5600000,14,9.85,10.67,10.1857,2
20260204,41236,晟德六,200000,2,23.05,23.97,23.51,3
20260204,41645,承業醫五,1500000,3,13.93,13.98,13.9467,3
20260204,41684,醣聯四,3800000,5,26.4733,29.02,27.2511,3
20260204,44383,廣越三,2200000,3,13.29,14.43,13.5232,3
20260204,45491,桓達一,1000000,1,8.75,8.75,8.75,2
20260204,45554,氣立四,1200000,3,11.15,12.48,12.275,3
20260204,45581,寶緯一,100000,1,8.15,8.15,8.15,3
20260204,45721,駐龍一,300000,2,8.36,9.56,9.16,1
20260204,47223,國精化三,900000,2,38.87,40.28,39.34,3
20260204,47393,康普三,1200000,2,7.7691,7.91,7.7808,1
20260204,47394,康普四,6200000,24,22.91,28.37,27.809,3
20260204,47721,台特化一,6900000,27,33.23,35.72,34.7352,3
20260204,49066,正文六,300000,2,13.49,14.62,13.8667,1
20260204,49674,十銓四,7600000,16,70.09,74.09,72.545,3
20260204,49794,華星光四,200000,1,60.75,60.75,60.75,1
20260204,50097,榮剛七,24800000,3,1.44,1.88,1.5234,1
20260204,52635,智崴五,4300000,8,14.52,17.67,16.4212,2
20260204,53096,系統電六,1900000,11,24.21,25.27,25.1037,3
20260204,53887,中磊七,2800000,7,6.98,7.88,7.2832,1
20260204,54391,高技一,4800000,14,32.38,34.31,33.4471,3
20260204,56087,四維航七,300000,1,17.06,17.06,17.06,2
20260204,61828,合晶八,5100000,2,20.66,22,20.6863,2
20260204,61875,萬潤五,400000,1,46.44,46.44,46.44,2
20260204,61894,豐藝四,100000,1,27.32,27.32,27.32,1
20260204,61907,萬泰科七,2300000,8,38.66,39.33,38.8778,3
20260204,61973,佳必琪三,600000,5,27.31,27.76,27.6417,2
20260204,61994,天品四,1000000,1,7.055,7.055,7.055,2
20260204,62075,雷科五,8600000,8,22.16,24.7,23.0755,2
20260204,62076,雷科六,300000,2,23.92,25.28,24.8267,2
20260204,62093,今國光三,200000,1,63.02,63.02,63.02,3
20260204,62695,台郡五,2700000,3,7.67,7.87,7.707,2
20260204,62745,台燿五,29900000,49,48.52,53.47,51.7457,3
20260204,62822,康舒二,33600000,73,20.88,23.84,22.7317,1
20260204,62843,佳邦三,1000000,10,20.69,21.22,21.008,1
20260204,64145,樺漢五,1600000,6,12.63,14.19,13.4006,1
20260204,64422,光聖二,2700000,8,73.23,77.23,75.9619,2
20260204,64423,光聖三,500000,3,73.04,75.32,74.752,2
20260204,65096,聚和六,200000,2,5.33,8.13,6.73,1
20260204,65101,精測一,2000000,5,98.09,98.67,98.363,3
20260204,65521,易華電一,500000,1,3.6,3.6,3.6,1
20260204,65841,南俊國際一,200000,1,86.78,86.78,86.78,1
20260204,66642,群翊二,3700000,11,28.58,30.41,29.1843,2
20260204,66702,復盛應用二,8600000,22,20.4,22.25,21.4079,3
20260204,66721,騰輝電子一KY,3000000,1,17.02,17.02,17.02,2
20260204,67152,嘉基二,2800000,5,14.92,16.44,15.7904,1
20260204,67531,龍德造船一,100000,1,34.94,34.94,34.94,2
20260204,68301,汎銓一,1300000,3,42.62,45.62,44.6515,1
20260204,68631,永道一KY,10000000,1,0.03,0.03,0.03,2
20260204,68901,來億一KY,4400000,5,14.77,15.1,14.9395,3
20260204,68902,來億二KY,1300000,1,15.7315,15.7315,15.7315,3
20260204,69041,伯鑫一,900000,2,15.52,17.32,16.12,3
20260204,69571,裕慶一KY,1500000,2,17.25,18.01,17.5033,2
20260204,74022,邑錡二,2000000,1,33.84,33.84,33.84,2
20260204,77131,威力德生醫一,10000000,1,5.9,5.9,5.9,2
20260204,80212,尖點二,9100000,43,41.21,43.61,43.1901,3
20260204,80914,翔名四,200000,2,27.63,27.63,27.63,1
20260204,811210,至上十,1800000,4,22.56,25,24.5894,2
20260204,81473,正淩三,2500000,2,14.38,15.38,14.58,2
20260204,81551,博智一,800000,4,81.48,89.33,86.9863,2
20260204,81714,天宇四,500000,3,17.44,17.55,17.484,2
20260204,82102,勤誠二,26500000,86,36.21,38.85,37.4565,3
20260204,82551,朋程一,1000000,4,4.44,5.63,5.319,1
20260204,84041,百和興業一KY,800000,2,13.65,13.91,13.845,2
20260204,84113,福貞三KY,15000000,2,4.78,5.1,4.8867,3
20260204,99392,宏全二,500000,3,6.59,7.18,6.924,2
20260205,11011,台泥一永,2000000,2,5.62,5.72,5.67,2
20260205,14664,聚隆四,500000,1,11.38,11.38,11.38,3
20260205,14723,三洋實業三,1300000,1,0.01,0.01,0.01,2
20260205,15142,亞力二,2900000,15,32.63,36.29,33.8121,2
20260205,15601,中砂一,2100000,8,45.29,46.64,45.6424,2
20260205,16095,大亞五,8500000,17,10.46,12.95,11.0471,2
20260205,20344,允強四,300000,1,14.69,14.69,14.69,2
20260205,22283,劍麟三,100000,1,22.99,22.99,22.99,2
20260205,22331,宇隆一,52000000,54,32.95,43.39,39.4338,3
20260205,22471,汎德永業一,1500000,6,11.96,13.495,12.786,3
20260205,23511,順德一,4200000,5,37.65,40.22,38.7086,3
20260205,23683,金像電三,50200000,25,73.49,82.03,78.3832,3
20260205,24023,毅嘉三,1200000,8,26.97,27.31,27.1367,2
20260205,24361,偉詮電一,2700000,3,13.1129,13.22,13.1433,1
20260205,24394,美律四,4200000,10,6.22,7.9922,7.3929,2
20260205,24395,美律五,800000,3,7.54,8.9,7.7425,2
20260205,24552,全新二,11200000,20,47.43,52.39,48.9547,3
20260205,24553,全新三,5700000,5,54.96,59.93,58.1705,3
20260205,24642,盟立二,5000000,1,9.85,9.85,9.85,1
20260205,24672,志聖二,3400000,16,35.8,37.96,36.42,2
20260205,24673,志聖三,6400000,36,35.11,38.18,36.5364,2
20260205,24866,一詮六,1000000,1,40.8,40.8,40.8,1
20260205,25483,華固三,1000000,1,7.77,7.77,7.77,2
20260205,25484,華固四,600000,2,8.5,9.6133,9.0567,2
20260205,27271,王品一,1800000,3,3.95,4.73,4.2678,1
20260205,27271,王品一,600000,3,11.09,11.09,11.09,3
20260205,27324,六角四,1000000,1,10.45,10.45,10.45,2
20260205,27431,山富一,3500000,9,7.7,9.48,8.3631,2
20260205,27451,五福一,5300000,10,15.34,17.0267,16.0521,2
20260205,27531,八方雲集一,6900000,8,14.77,15.58,15.312,3
20260205,27532,八方雲集二,100000,1,15.85,15.85,15.85,3
20260205,30061,晶豪科一,500000,1,102.74,102.74,102.74,1
20260205,30134,晟銘電四,100000,1,19.41,19.41,19.41,2
20260205,30371,欣興一,7500000,19,127.17,134.7414,131.102,3
20260205,30454,台灣大四,400000,1,3.72,3.72,3.72,3
20260205,30455,台灣大五,700000,3,5.68,6.53,5.8586,3
20260205,30882,艾訊二,600000,4,8.14,9.59,8.7567,1
20260205,31311,弘塑一,2900000,7,28.13,30.05,29.4938,3
20260205,31312,弘塑二,3100000,5,33.22,34.3,33.6535,3
20260205,31351,凌航一,500000,1,100.99,100.99,100.99,2
20260205,31672,大量二,2900000,10,37.93,41.05,39.51,3
20260205,32571,虹冠電一,100000,1,20.37,20.37,20.37,2
20260205,32608,威剛八,33000000,28,56.94,64.87,63.6092,2
20260205,33121,弘憶股一,400000,1,0.15,0.15,0.15,2
20260205,33133,斐成三,2100000,4,12.94,14.48,14.2381,2
20260205,33245,雙鴻五,9400000,23,55.1,63.22,60.2388,2
20260205,33571,臺慶科一,2100000,10,39.86,41.76,40.701,1
20260205,33621,先進光一,100000,1,6.97,6.97,6.97,2
20260205,33763,新日興三,1100000,4,33.07,35.42,33.6418,2
20260205,33881,崇越電一,100000,1,10.64,10.64,10.64,2
20260205,34793,安勤三,2400000,4,8.01,8.59,8.33,1
20260205,34834,力致四,300000,3,7.38,9.33,8.03,2
20260205,35161,亞帝歐一,500000,1,10.85,10.85,10.85,2
20260205,35266,凡甲六,1000000,1,38.62,38.62,38.62,1
20260205,35267,凡甲七,6400000,20,24.91,26.82,25.7505,3
20260205,35431,州巧一,800000,2,30.93,31.38,31.2113,3
20260205,35482,兆利二,100000,1,2.87,2.87,2.87,1
20260205,35483,兆利三,1200000,5,6.95,7.65,7.5883,3
20260205,35513,世禾三,1900000,7,33.99,34.49,34.1426,3
20260205,35832,辛耘二,400000,4,17,17.38,17.215,1
20260205,35871,閎康一,13500000,32,18.95,24.47,21.888,1
20260205,36173,碩天三,1300000,6,10.52,10.97,10.7238,3
20260205,36841,榮昌一,200000,1,25,25,25,2
20260205,36913,碩禾三,8900000,24,18.73,23.47,20.3067,2
20260205,370201,大聯大E1,11200000,9,18.2375,20.7,18.655,3
20260205,37022,大聯大二,1000000,1,6.53,6.53,6.53,2
20260205,37023,大聯大三,300000,1,7.9933,7.9933,7.9933,2
20260205,37083,上緯投控三,500000,3,40.24,43.94,41.028,1
20260205,37151,定穎投控一,28400000,9,49.675,56.64,56.0932,3
20260205,37171,聯嘉投控一,10000000,10,10.35,11.76,10.9996,2
20260205,41135,聯上五,500000,1,14.95,14.95,14.95,3
20260205,41684,醣聯四,1200000,3,26.8,27.38,26.8717,3
20260205,45102,高鋒二,200000,1,8.34,8.34,8.34,2
20260205,45554,氣立四,800000,4,12.03,12.64,12.4375,3
20260205,45581,寶緯一,100000,1,8.15,8.15,8.15,3
20260205,47223,國精化三,900000,3,38.69,41.27,40.93,3
20260205,47393,康普三,200000,1,7.8,7.8,7.8,1
20260205,47394,康普四,7200000,23,23.2267,27.86,25.9351,3
20260205,47721,台特化一,3600000,15,32.84,35.26,33.9844,3
20260205,49066,正文六,300000,1,13.11,13.11,13.11,1
20260205,49231,力士一,80000000,5,10.07,10.31,10.13,2
20260205,49674,十銓四,6900000,12,69.08,75.08,72.4546,3
20260205,50097,榮剛七,1000000,1,0.57,0.57,0.57,1
20260205,52011,凱衛一,1400000,4,26.19,26.45,26.3279,3
20260205,52635,智崴五,4400000,1,14.46,14.46,14.46,2
20260205,53096,系統電六,5100000,17,28.01,29.31,28.9482,3
20260205,53097,系統電七,3300000,2,31.79,34.2767,33.1464,2
20260205,53887,中磊七,900000,7,6.5,6.87,6.6689,1
20260205,54391,高技一,7600000,2,32.76,33.06,32.9968,3
20260205,54501,南良一,4600000,6,8.98,9.76,9.26,3
20260205,56086,四維航六,500000,3,3.03,3.76,3.328,1
20260205,59055,南仁湖四,500000,1,1.38,1.38,1.38,1
20260205,61011,寬魚國際一,63000000,30,12.64,16.81,15.5322,2
20260205,61875,萬潤五,600000,2,41.98,42.94,42.14,2
20260205,61894,豐藝四,1000000,1,32.18,32.18,32.18,1
20260205,61907,萬泰科七,2000000,9,36.82,39.52,38.3,3
20260205,61973,佳必琪三,5500000,13,29.08,30.88,29.9167,2
20260205,61993,天品三,200000,2,21.4,21.66,21.53,2
20260205,62075,雷科五,1700000,2,22.78,23.18,22.8035,2
20260205,62093,今國光三,500000,5,56.06,62,57.916,3
20260205,62194,富旺四,1800000,2,13.35,13.7375,13.5222,3
20260205,62745,台燿五,29800000,35,49.64,51.44,50.1457,3
20260205,62822,康舒二,32300000,62,20.65,24.53,21.6596,1
20260205,62843,佳邦三,2500000,7,19.67,21.16,20.4036,1
20260205,64145,樺漢五,2800000,9,12.86,14.13,13.7925,1
20260205,64422,光聖二,500000,5,71.88,73.22,72.89,2
20260205,64423,光聖三,100000,1,76.31,76.31,76.31,2
20260205,64512,訊芯二KY,700000,2,9.83,12.65,10.6357,3
20260205,65096,聚和六,900000,3,8.27,9.12,8.5089,1
20260205,65101,精測一,22100000,13,96.74,104.31,102.3088,3
20260205,66642,群翊二,4600000,10,30.09,31.27,30.49,2
20260205,66702,復盛應用二,6400000,15,21.45,23.54,22.0347,3
20260205,66721,騰輝電子一KY,8600000,3,22.38,23.9821,23.72,2
20260205,67531,龍德造船一,1100000,2,32.7,33.9917,33.4045,2
20260205,68301,汎銓一,2800000,3,55.02,56.17,55.6021,1
20260205,68431,進典一,4500000,1,9.55,9.55,9.55,2
20260205,68461,綠茵一,400000,1,7.55,7.55,7.55,3
20260205,68901,來億一KY,16800000,5,16.51,17.855,17.0434,3
20260205,68902,來億二KY,900000,3,15.22,15.975,15.4878,3
20260205,69041,伯鑫一,1800000,1,15.51,15.51,15.51,3
20260205,69571,裕慶一KY,1600000,2,17.24,18,17.525,2
20260205,77131,威力德生醫一,10500000,1,7.69,7.69,7.69,2
20260205,80212,尖點二,34000000,18,42.86,44.41,42.9882,3
20260205,80426,金山電六,4600000,3,22.88,23.6433,22.9774,2
20260205,80914,翔名四,1600000,3,25.26,25.67,25.4981,1
20260205,811210,至上十,1200000,2,22.59,23.21,23.1067,2
20260205,81473,正淩三,2300000,4,14.37,16.58,15.3743,2
20260205,81551,博智一,800000,5,79.83,83.47,81.1525,2
20260205,81714,天宇四,100000,1,17.65,17.65,17.65,2
20260205,82102,勤誠二,33600000,74,33.115,49.18,44.0607,3
20260205,82551,朋程一,500000,3,5.32,5.62,5.54,1
20260205,84041,百和興業一KY,600000,2,13.95,15.95,15.6167,2
20260205,84732,山林水二,100000,1,12.3,12.3,12.3,1
20260205,98026,鈺齊六KY,700000,2,14.71,14.71,14.71,1
20260205,99392,宏全二,1900000,6,6.93,7.92,7.3858,2
20260206,11011,台泥一永,1600000,2,5.08,5.52,5.2175,2
20260206,14664,聚隆四,900000,3,12.48,14.49,13.0167,3
20260206,15142,亞力二,5900000,21,28.63,33.49,31.7459,2
20260206,15601,中砂一,2100000,10,40.58,43.52,42.3614,2
20260206,16095,大亞五,5300000,6,10.49,12.16,11.0477,2
20260206,22331,宇隆一,19000000,37,31.27,34.72,33.0225,3
20260206,22472,汎德永業二,1400000,5,12.05,12.7,12.4429,3
20260206,23683,金像電三,24900000,46,62.48,75.46,68.3505,3
20260206,24023,毅嘉三,2500000,10,24.26,26.93,25.8824,2
20260206,24361,偉詮電一,6100000,11,12.85,14.85,13.9008,1
20260206,24394,美律四,1100000,4,6.935,7.86,7.2382,2
20260206,24395,美律五,100000,1,9.78,9.78,9.78,2
20260206,24552,全新二,4500000,19,43.13,49.705,46.1029,3
20260206,24553,全新三,8000000,14,46.93,54.92,48.9626,3
20260206,24642,盟立二,5600000,4,10.7711,12.15,11.1171,1
20260206,24672,志聖二,4600000,16,32.8,35.66,34.4509,2
20260206,24673,志聖三,13200000,51,31.35,36.12,33.2594,2
20260206,24866,一詮六,300000,1,33.4667,33.4667,33.4667,1
20260206,25483,華固三,200000,1,8.06,8.06,8.06,2
20260206,27271,王品一,700000,2,4.26,4.62,4.3114,1
20260206,27271,王品一,800000,1,11.255,11.255,11.255,3
20260206,27431,山富一,1600000,3,7.17,7.89,7.365,2
20260206,27451,五福一,1900000,4,15.62,17.16,16.3142,2
20260206,27531,八方雲集一,200000,1,15.52,15.52,15.52,3
20260206,29061,高林一,100000,1,1.76,1.76,1.76,1
20260206,30061,晶豪科一,1500000,2,92.73,97.9,94.4533,1
20260206,30134,晟銘電四,800000,8,16.83,18.61,17.4913,2
20260206,30371,欣興一,8000000,31,107.67,115.16,112.305,3
20260206,30401,遠見一,400000,1,11.07,11.07,11.07,2
20260206,30454,台灣大四,700000,2,3.3,3.72,3.6,3
20260206,31311,弘塑一,1200000,5,28.97,30.74,29.5375,3
20260206,31312,弘塑二,400000,4,30.24,33.07,31.3475,3
20260206,31672,大量二,3500000,12,40.58,49.38,46.3577,3
20260206,32571,虹冠電一,300000,3,20.36,20.73,20.6067,2
20260206,32608,威剛八,52300000,79,52.79,59.2377,55.305,2
20260206,33133,斐成三,100000,1,12.73,12.73,12.73,2
20260206,33245,雙鴻五,7800000,24,53.5,62.91,58.8776,2
20260206,33571,臺慶科一,4500000,17,34.3,38.46,36.0191,1
20260206,33621,先進光一,1600000,8,5.47,6.61,6.0031,2
20260206,33763,新日興三,6400000,9,32.26,34.1038,33.2963,2
20260206,33881,崇越電一,1600000,1,10.79,10.79,10.79,2
20260206,33902,旭軟二,200000,2,22.84,22.94,22.89,3
20260206,34163,融程電三,100000,1,29.95,29.95,29.95,1
20260206,34793,安勤三,100000,1,9.6,9.6,9.6,1
20260206,34834,力致四,100000,1,9.24,9.24,9.24,2
20260206,35266,凡甲六,2000000,3,37.72,38.42,37.96,1
20260206,35267,凡甲七,3200000,12,24.88,26.735,25.8347,3
20260206,35431,州巧一,1100000,7,26.79,31.46,28.0991,3
20260206,35482,兆利二,200000,2,4.51,4.7,4.605,1
20260206,35513,世禾三,1800000,8,29.35,33.08,32.3311,3
20260206,35832,辛耘二,500000,4,16.14,16.38,16.264,1
20260206,35871,閎康一,11000000,28,17.89,24.06,21.1738,1
20260206,36804,家登四,2800000,10,23.08,26.57,24.4364,1
20260206,36841,榮昌一,200000,1,25,25,25,2
20260206,36913,碩禾三,27800000,38,13.1,23.9663,19.4936,2
20260206,370201,大聯大E1,9400000,3,18.18,19.5,18.8961,3
20260206,37083,上緯投控三,1100000,5,36.54,45.11,39.0591,1
20260206,37151,定穎投控一,3100000,3,50.34,51.37,50.6848,3
20260206,37171,聯嘉投控一,5000000,8,10.4,11.15,10.5606,2
20260206,41236,晟德六,200000,2,21.8,22.05,21.925,3
20260206,41295,聯合五,1700000,1,25.3106,25.3106,25.3106,3
20260206,41684,醣聯四,18500000,3,25.28,26.14,26.1197,3
20260206,45102,高鋒二,800000,1,6.53,6.53,6.53,2
20260206,45554,氣立四,2900000,10,10.92,12.14,11.4455,3
20260206,45581,寶緯一,300000,1,7.34,7.34,7.34,3
20260206,45663,時碩工業三,100000,1,14.71,14.71,14.71,1
20260206,45721,駐龍一,500000,2,8.34,9.05,8.766,1
20260206,47223,國精化三,400000,2,38.58,39.68,39.405,3
20260206,47393,康普三,500000,2,4.83,4.83,4.83,1
20260206,47394,康普四,3600000,21,23.55,25.6,24.7631,3
20260206,47721,台特化一,10600000,28,30.39,33,31.0417,3
20260206,49674,十銓四,15800000,36,60.79,67.07,62.9282,3
20260206,49794,華星光四,200000,2,52.05,54.7,53.375,1
20260206,50097,榮剛七,200000,1,0.56,0.56,0.56,1
20260206,52011,凱衛一,600000,2,25.92,26.1733,26.0467,3
20260206,52635,智崴五,20700000,5,12.4,14.66,14.4295,2
20260206,53064,桂盟四,200000,1,3.59,3.59,3.59,1
20260206,53096,系統電六,1300000,1,26.2808,26.2808,26.2808,3
20260206,53097,系統電七,2600000,2,29.55,29.7705,29.7281,2
20260206,53887,中磊七,2900000,6,5.96,6.61,6.3579,1
20260206,54342,崇越二,400000,1,74.96,74.96,74.96,1
20260206,54391,高技一,12900000,12,29.91,32.51,30.8958,3
20260206,54501,南良一,1000000,1,9.57,9.57,9.57,3
20260206,56086,四維航六,700000,1,3.26,3.26,3.26,1
20260206,61011,寬魚國際一,8300000,8,13.31,16.16,13.9887,2
20260206,61012,寬魚國際二,40000000,5,5.02,7.36,6.8315,2
20260206,61907,萬泰科七,1300000,6,32.57,36.06,35.5477,3
20260206,61965,帆宣五,100000,1,101.08,101.08,101.08,1
20260206,61973,佳必琪三,2000000,2,29.12,30.17,30.065,2
20260206,61993,天品三,1300000,5,20.8,22.4,22.1462,2
20260206,62075,雷科五,100000,1,23.4,23.4,23.4,2
20260206,62093,今國光三,700000,3,54.97,63.59,61.2443,3
20260206,62194,富旺四,1000000,1,11.07,11.07,11.07,3
20260206,62745,台燿五,18300000,45,46.45,51.87,49.4264,3
20260206,62822,康舒二,36500000,69,18.01,19.92,18.8063,1
20260206,62843,佳邦三,3000000,13,19.06,19.96,19.4997,1
20260206,64145,樺漢五,5600000,15,10.65,11.83,11.3389,1
20260206,64422,光聖二,3900000,7,64.55,72.44,69.0869,2
20260206,64423,光聖三,900000,8,60.61,71.3,65.8133,2
20260206,64512,訊芯二KY,1000000,2,8.22,8.22,8.22,3
20260206,65096,聚和六,3900000,2,6.61,8.1729,8.1328,1
20260206,65101,精測一,5800000,9,87.11,99.19,92.4536,3
20260206,66642,群翊二,2400000,6,29.94,30.39,30.2304,2
20260206,66702,復盛應用二,1700000,8,20.21,21.58,20.7829,3
20260206,66721,騰輝電子一KY,4000000,2,19.37,21.9,21.7103,2
20260206,67531,龍德造船一,400000,3,29.97,30.34,30.2225,2
20260206,68301,汎銓一,800000,4,41.94,42.56,42.155,1
20260206,68461,綠茵一,2000000,1,9.45,9.45,9.45,3
20260206,68541,錼創科技一KY創,100000,1,5.39,5.39,5.39,2
20260206,68702,騰雲二,700000,1,11.38,11.38,11.38,2
20260206,68901,來億一KY,7700000,7,14.77,16.55,15.719,3
20260206,68902,來億二KY,6500000,6,12.71,15.63,15.4465,3
20260206,69041,伯鑫一,2200000,2,15.5,17.15,17,3
20260206,69571,裕慶一KY,400000,2,17.21,18.19,17.945,2
20260206,69821,大井泵浦一,500000,1,9.64,9.64,9.64,2
20260206,77131,威力德生醫一,7200000,3,8.0475,9.44,8.369,2
20260206,80212,尖點二,10500000,34,38.85,44.15,40.8341,3
20260206,811210,至上十,2000000,4,20.72,24.9971,23.831,2
20260206,81473,正淩三,1800000,4,16.35,18.54,17.4661,2
20260206,81551,博智一,2300000,9,70.16,77.9767,75.0517,2
20260206,82102,勤誠二,30900000,104,37.04,44.74,40.0839,3
20260206,82551,朋程一,200000,2,4.3,4.72,4.51,1
20260206,84041,百和興業一KY,200000,1,13.95,13.95,13.95,2
20260206,84113,福貞三KY,100000,1,5.32,5.32,5.32,3
20260206,84732,山林水二,500000,1,16.66,16.66,16.66,1
20260206,98026,鈺齊六KY,300000,2,14.82,14.88,14.86,1
20260206,99392,宏全二,1300000,5,6.66,7.2,7.1223,2
20260209,13166,上曜六,400000,2,9.92,9.92,9.92,1
20260209,14664,聚隆四,4000000,6,16.42,17.14,16.544,3
20260209,14722,三洋實業二,700000,2,7.24,7.24,7.24,2
20260209,15142,亞力二,2000000,11,30.07,34.81,33.1275,2
20260209,15601,中砂一,4400000,8,47.43,48.63,47.5732,2
20260209,16095,大亞五,200000,1,12.03,12.03,12.03,2
20260209,22331,宇隆一,5900000,13,31.94,37,34.5576,3
20260209,22471,汎德永業一,5300000,9,12.86,14.49,13.516,3
20260209,22472,汎德永業二,4700000,5,14.34,14.87,14.41,3
20260209,23511,順德一,600000,4,37.35,39.6,37.97,3
20260209,23683,金像電三,12600000,18,80.46,85.01,81.7563,3
20260209,23742,佳能二,142800000,44,30.94,32.72,31.7854,3
20260209,24023,毅嘉三,400000,4,27.19,28.22,27.4675,2
20260209,24361,偉詮電一,8500000,8,14.95,17.5,16.8473,1
20260209,24394,美律四,5000000,1,7.433,7.433,7.433,2
20260209,24395,美律五,100000,1,11.42,11.42,11.42,2
20260209,24552,全新二,3400000,13,49.97,52.11,50.7435,3
20260209,24553,全新三,5300000,18,52.99,56.39,55.1017,3
20260209,24642,盟立二,10200000,2,14.5,15.106,15.0941,1
20260209,24672,志聖二,10000000,24,33.764,39.54,35.1186,2
20260209,24673,志聖三,21900000,55,34.15,39.39,35.7177,2
20260209,24762,鉅祥二,100000,1,30.56,30.56,30.56,1
20260209,25483,華固三,2500000,4,6.74,7.9333,6.972,2
20260209,25484,華固四,400000,2,8.97,9.56,9.1175,2
20260209,26418,正德八,300000,2,14.63,16.39,15.8033,3
20260209,27271,王品一,1200000,2,3.61,3.97,3.79,1
20260209,27271,王品一,100000,1,10.81,10.81,10.81,3
20260209,27431,山富一,1200000,1,7.4891,7.4891,7.4891,2
20260209,27451,五福一,1500000,2,16.17,16.52,16.4033,2
20260209,27531,八方雲集一,200000,1,14.53,14.53,14.53,3
20260209,27551,揚秦一,300000,1,38.69,38.69,38.69,2
20260209,30134,晟銘電四,500000,4,18.97,20.94,19.712,2
20260209,30165,嘉晶五,400000,2,17.38,17.4,17.385,2
20260209,30371,欣興一,1600000,7,113.64,119.91,117.52,3
20260209,30454,台灣大四,5100000,2,3.7,3.7,3.7,3
20260209,30455,台灣大五,600000,3,6.01,6.51,6.0933,3
20260209,31311,弘塑一,500000,3,29.02,30.71,29.896,3
20260209,31312,弘塑二,2800000,10,33.48,36.22,34.3225,3
20260209,31351,凌航一,11500000,2,95.84,112.81,109.1209,2
20260209,31672,大量二,1800000,4,59.57,60.57,60.37,3
20260209,32571,虹冠電一,100000,1,15.95,15.95,15.95,2
20260209,32608,威剛八,11300000,31,52.84,60.78,56.5465,2
20260209,33133,斐成三,100000,1,13.15,13.15,13.15,2
20260209,33245,雙鴻五,16700000,35,67.1,70.48,68.2587,2
20260209,33571,臺慶科一,1400000,2,41.4,42.31,41.985,1
20260209,33621,先進光一,1200000,2,4.84,6.025,5.8275,2
20260209,33763,新日興三,1400000,6,32.32,33.38,32.535,2
20260209,34793,安勤三,100000,1,9.5,9.5,9.5,1
20260209,34834,力致四,200000,2,8.91,9.78,9.345,2
20260209,35266,凡甲六,4100000,8,37.7,46.75,44.2207,1
20260209,35267,凡甲七,25200000,58,27.28,32.63,30.0097,3
20260209,35431,州巧一,700000,3,26.89,27.64,27.2029,3
20260209,35482,兆利二,200000,1,4.58,4.58,4.58,1
20260209,35513,世禾三,600000,4,34.02,34.46,34.175,3
20260209,35832,辛耘二,1100000,4,17.03,17.59,17.3136,1
20260209,35871,閎康一,8800000,26,19.96,23.3,21.2372,1
20260209,36804,家登四,900000,5,23.44,24.64,24.2789,1
20260209,36913,碩禾三,13800000,19,12.68,14.13,13.6741,2
20260209,370201,大聯大E1,17900000,3,18.628,19.82,18.7153,3
20260209,37083,上緯投控三,900000,5,36.43,36.93,36.53,1
20260209,37151,定穎投控一,5200000,8,48.73,51.7,50.2508,3
20260209,37171,聯嘉投控一,10100000,6,11.52,12.24,11.7801,2
20260209,41236,晟德六,300000,2,21.89,21.89,21.89,3
20260209,41684,醣聯四,4900000,2,24.96,25.62,25.6065,3
20260209,44383,廣越三,600000,2,12.74,13.44,13.3233,3
20260209,45491,桓達一,1000000,2,8.69,8.7,8.695,2
20260209,45554,氣立四,2400000,4,11.85,12.31,12.2525,3
20260209,45581,寶緯一,300000,2,7.22,7.395,7.3367,3
20260209,45721,駐龍一,500000,3,8.69,10.49,9.418,1
20260209,47223,國精化三,1700000,7,41.44,42.57,41.8082,3
20260209,47393,康普三,4800000,12,7.63,9.28,8.3585,1
20260209,47394,康普四,16600000,56,27.55,30.17,29.2858,3
20260209,47721,台特化一,6500000,17,31.13,32.04,31.6695,3
20260209,49674,十銓四,4500000,14,62.79,67.05,65.0891,3
20260209,49794,華星光四,300000,1,68.69,68.69,68.69,1
20260209,52011,凱衛一,200000,1,26.21,26.21,26.21,3
20260209,52635,智崴五,7800000,10,14.96,16.54,15.1615,2
20260209,53064,桂盟四,1500000,1,2.89,2.89,2.89,1
20260209,53097,系統電七,1600000,1,30.77,30.77,30.77,2
20260209,53887,中磊七,200000,1,5.74,5.74,5.74,1
20260209,54342,崇越二,100000,1,79.95,79.95,79.95,1
20260209,54391,高技一,6900000,6,32.66,36.5,34.1023,3
20260209,54501,南良一,1700000,2,9.55,9.81,9.5653,3
20260209,56086,四維航六,500000,1,3,3,3,1
20260209,56087,四維航七,100000,1,15.63,15.63,15.63,2
20260209,61011,寬魚國際一,15100000,4,14.0013,15.475,14.5642,2
20260209,61012,寬魚國際二,30000000,2,11.3,11.35,11.3083,2
20260209,61828,合晶八,300000,1,20.84,20.84,20.84,2
20260209,61875,萬潤五,200000,2,45.28,47.9,46.59,2
20260209,61894,豐藝四,200000,1,30.05,30.05,30.05,1
20260209,61907,萬泰科七,700000,3,35.12,36.37,35.5586,3
20260209,61965,帆宣五,6500000,1,102,102,102,1
20260209,61973,佳必琪三,600000,2,27.57,28.94,28.7117,2
20260209,62093,今國光三,600000,6,59.99,65.96,62.825,3
20260209,62194,富旺四,1000000,2,13.4,14.52,13.96,3
20260209,62745,台燿五,18700000,38,52.12,54.98,53.5662,3
20260209,62822,康舒二,17300000,53,19.29,22.59,20.909,1
20260209,62843,佳邦三,1500000,7,17.31,19.28,17.6727,1
20260209,64145,樺漢五,5400000,9,10.46,11.31,11.0326,1
20260209,64251,易發一,100000,1,22.25,22.25,22.25,2
20260209,64422,光聖二,10700000,16,66.47,76.18,69.735,2
20260209,64423,光聖三,3900000,9,72.27,80.07,78.2736,2
20260209,64512,訊芯二KY,1000000,1,9.59,9.59,9.59,3
20260209,65101,精測一,5100000,4,94.99,101.78,97.531,3
20260209,65851,鼎基一,200000,2,6.58,6.67,6.625,1
20260209,66292,泰金二KY,3000000,1,4.86,4.86,4.86,1
20260209,66642,群翊二,8200000,25,29.54,31.35,30.086,2
20260209,66702,復盛應用二,400000,3,21.22,21.46,21.34,3
20260209,67152,嘉基二,2200000,2,13.97,15.0775,14.1714,1
20260209,67531,龍德造船一,100000,1,30.28,30.28,30.28,2
20260209,68301,汎銓一,400000,2,43.6767,51.05,45.52,1
20260209,68901,來億一KY,2600000,4,14.62,15.89,15.6242,3
20260209,68902,來億二KY,1300000,3,15.43,15.47,15.4646,3
20260209,69041,伯鑫一,200000,1,16.47,16.47,16.47,3
20260209,69571,裕慶一KY,6500000,3,17.3724,18.15,17.5262,2
20260209,75561,意德士一永,700000,1,17.15,17.15,17.15,3
20260209,77131,威力德生醫一,1000000,1,8.605,8.605,8.605,2
20260209,80212,尖點二,18300000,28,40.0971,43.48,40.847,3
20260209,80282,昇陽半導體二,2000000,1,42.21,42.21,42.21,4
20260209,80914,翔名四,700000,4,28.79,30.24,29.8329,1
20260209,81473,正淩三,1900000,3,22.74,27.52,25.9568,2
20260209,81551,博智一,400000,2,84.84,84.86,84.85,2
20260209,82102,勤誠二,38900000,58,32.305,47.17,37.333,3
20260209,82551,朋程一,600000,1,4.69,4.69,4.69,1
20260209,84041,百和興業一KY,300000,1,13.93,13.93,13.93,2
20260209,84113,福貞三KY,5200000,3,4.45,5.17,4.8388,3
20260209,98026,鈺齊六KY,300000,1,14.48,14.48,14.48,1
20260209,99392,宏全二,300000,3,6.55,6.85,6.7067,2
20260210,14664,聚隆四,200000,2,15.41,15.45,15.43,3
20260210,15142,亞力二,3700000,13,33.58,34.7,34.0922,2
20260210,15601,中砂一,100000,1,48.46,48.46,48.46,2
20260210,16095,大亞五,100000,1,15.12,15.12,15.12,2
20260210,17813,合世三,100000,1,6.33,6.33,6.33,2
20260210,22283,劍麟三,100000,1,22.45,22.45,22.45,2
20260210,22331,宇隆一,5700000,20,30.11,31.94,30.9267,3
20260210,22471,汎德永業一,3900000,9,13.33,14.465,14.0274,3
20260210,22472,汎德永業二,3800000,10,14.54,15.32,14.7776,3
20260210,23511,順德一,200000,1,36.6,36.6,36.6,3
20260210,23683,金像電三,54200000,15,82.44,94,85.6523,3
20260210,23742,佳能二,42800000,9,30.47,31.86,31.0801,3
20260210,24023,毅嘉三,1500000,7,26.46,27.62,27.0993,2
20260210,24361,偉詮電一,6600000,17,19.465,20.68,20.1664,1
20260210,24394,美律四,500000,1,8.51,8.51,8.51,2
20260210,24552,全新二,18800000,41,49.96,58.5,55.1703,3
20260210,24553,全新三,5500000,11,58.28,65.38,61.0387,3
20260210,24642,盟立二,3100000,2,15.8,15.89,15.8319,1
20260210,24672,志聖二,24100000,31,34.27,37.02,34.9746,2
20260210,24673,志聖三,36400000,24,34.89,37.64,35.7794,2
20260210,25483,華固三,200000,1,8.19,8.19,8.19,2
20260210,25484,華固四,3100000,2,9.46,11.25,9.5177,2
20260210,26107,華航七,200000,1,35.83,35.83,35.83,1
20260210,26418,正德八,200000,1,16.43,16.43,16.43,3
20260210,27271,王品一,300000,1,4.33,4.33,4.33,1
20260210,27431,山富一,1700000,2,7.0062,7.49,7.0346,2
20260210,27451,五福一,2300000,1,16.086,16.086,16.086,2
20260210,27531,八方雲集一,3700000,9,14.21,15,14.7924,3
20260210,30061,晶豪科一,3900000,1,87.67,87.67,87.67,1
20260210,30134,晟銘電四,400000,4,19.01,20.17,19.51,2
20260210,30371,欣興一,2300000,6,124.13,135.13,128.53,3
20260210,30882,艾訊二,200000,1,10.68,10.68,10.68,1
20260210,30954,及成四,3100000,3,14.46,14.95,14.5732,2
20260210,31311,弘塑一,6100000,14,26.4,29.25,27.5011,3
20260210,31312,弘塑二,2000000,7,30.51,34.185,31.409,3
20260210,31382,耀登二,27500000,1,52.14,52.14,52.14,2
20260210,31672,大量二,3300000,3,61.31,72.56,62.3024,3
20260210,32571,虹冠電一,800000,4,15.39,15.79,15.6963,2
20260210,32608,威剛八,17000000,33,50.77,55.83,53.0964,2
20260210,33133,斐成三,3100000,2,9.2,12.71,9.6529,2
20260210,33245,雙鴻五,6200000,18,66.22,72.97,68.2153,2
20260210,33571,臺慶科一,1000000,2,40.89,41.65,41.27,1
20260210,33621,先進光一,100000,1,8.27,8.27,8.27,2
20260210,33763,新日興三,1200000,8,28.95,31.45,30.2458,2
20260210,33881,崇越電一,200000,2,10.42,10.69,10.555,2
20260210,33902,旭軟二,300000,3,25.75,26.07,25.8567,2
20260210,34163,融程電三,900000,2,27.41,27.41,27.41,1
20260210,34834,力致四,100000,1,9.8,9.8,9.8,2
20260210,35267,凡甲七,9600000,26,30.83,34.67,32.8574,3
20260210,35431,州巧一,200000,1,27.67,27.67,27.67,3
20260210,35482,兆利二,100000,1,4.94,4.94,4.94,1
20260210,35513,世禾三,300000,3,33.26,34.05,33.62,3
20260210,35831,辛耘一,200000,2,15.99,16,15.995,1
20260210,35871,閎康一,800000,5,18.75,20.9,19.4688,1
20260210,36173,碩天三,200000,2,10.68,10.98,10.83,3
20260210,36804,家登四,900000,5,23.07,24.07,23.5122,1
20260210,36913,碩禾三,4100000,11,11.8,15.87,14.5946,2
20260210,370201,大聯大E1,42700000,12,22.9,25.61,23.8146,3
20260210,37022,大聯大二,1300000,2,6.41,6.76,6.4638,2
20260210,37023,大聯大三,700000,1,9.14,9.14,9.14,2
20260210,37083,上緯投控三,700000,4,35.52,40.93,37.3957,1
20260210,37171,聯嘉投控一,5700000,10,11.49,12.03,11.7261,2
20260210,41684,醣聯四,600000,2,25.25,25.3,25.2917,3
20260210,44163,三圓三,2100000,2,1.88,1.88,1.88,1
20260210,44383,廣越三,100000,1,13.38,13.38,13.38,3
20260210,45491,桓達一,1900000,3,8.28,9.03,8.6011,2
20260210,45554,氣立四,400000,1,12.63,12.63,12.63,3
20260210,47223,國精化三,400000,2,41.03,42.06,41.2875,3
20260210,47393,康普三,2000000,9,6.67,8.8533,8.165,1
20260210,47394,康普四,10400000,26,27.81,31.478,30.4259,3
20260210,47721,台特化一,4900000,15,30.77,32.02,31.3014,3
20260210,49066,正文六,4300000,10,8.23,9.23,8.4577,1
20260210,49674,十銓四,21900000,45,54.83,58.85,56.935,3
20260210,49794,華星光四,200000,1,77.18,77.18,77.18,1
20260210,52011,凱衛一,700000,1,26.26,26.26,26.26,3
20260210,52635,智崴五,3600000,8,14.64,15.64,15.3839,2
20260210,53064,桂盟四,300000,1,3,3,3,1
20260210,53097,系統電七,500000,1,32.45,32.45,32.45,2
20260210,53887,中磊七,6400000,4,5.78,5.87,5.8567,1
20260210,54391,高技一,7300000,6,34.83,35.99,35.1573,3
20260210,54501,南良一,800000,3,9.65,9.86,9.7475,3
20260210,56086,四維航六,100000,1,3.73,3.73,3.73,1
20260210,56087,四維航七,400000,2,15.06,15.18,15.09,2
20260210,61011,寬魚國際一,1800000,4,14.21,14.63,14.3361,2
20260210,61843,大豐電三,6000000,1,1.95,1.95,1.95,2
20260210,61907,萬泰科七,2900000,7,34.33,36.46,35.0772,3
20260210,61973,佳必琪三,3400000,11,25.06,26.06,25.6826,2
20260210,61993,天品三,700000,4,21.83,23.03,22.6829,2
20260210,62075,雷科五,100000,1,21.3,21.3,21.3,2
20260210,62093,今國光三,200000,2,55.98,57.52,56.75,3
20260210,62745,台燿五,21800000,25,52.28,54.25,52.8884,3
20260210,62822,康舒二,16100000,30,19.28,21.23,19.9307,1
20260210,62843,佳邦三,2300000,7,16.6,17.68,17.1274,1
20260210,64145,樺漢五,7800000,19,7.88,9.03,8.7237,1
20260210,64422,光聖二,11400000,16,75.51,82.88,80.1524,2
20260210,64423,光聖三,2600000,11,81.99,88.26,84.3273,2
20260210,64512,訊芯二KY,40000000,1,8.5,8.5,8.5,3
20260210,65096,聚和六,200000,1,6.14,6.14,6.14,1
20260210,65101,精測一,100000,1,102.63,102.63,102.63,3
20260210,65521,易華電一,100000,1,3.06,3.06,3.06,1
20260210,66642,群翊二,4200000,11,28.58,31.14,29.7262,2
20260210,66702,復盛應用二,4800000,15,19.17,20.51,19.9288,3
20260210,66721,騰輝電子一KY,8300000,1,19.81,19.81,19.81,2
20260210,66722,騰輝電子二KY,118100000,16,18.9,22.3,21.1062,2
20260210,67152,嘉基二,1100000,4,15.27,16.08,15.4536,1
20260210,67531,龍德造船一,100000,1,28.92,28.92,28.92,2
20260210,68211,聯寶一,500000,1,8.54,8.54,8.54,2
20260210,68301,汎銓一,1200000,2,52.64,54.34,54.0567,1
20260210,68431,進典一,2000000,1,8.42,8.42,8.42,2
20260210,68901,來億一KY,300000,3,14.76,15.26,14.99,3
20260210,69041,伯鑫一,7900000,1,15.46,15.46,15.46,3
20260210,75561,意德士一永,1200000,1,19,19,19,3
20260210,80212,尖點二,10100000,32,38.39,43.37,40.4847,3
20260210,80914,翔名四,1100000,5,26.92,27.18,27.0636,1
20260210,811210,至上十,1500000,2,22.05,22.63,22.2433,2
20260210,81473,正淩三,300000,1,22.71,22.71,22.71,2
20260210,81551,博智一,500000,4,78.83,80.83,80.16,2
20260210,82102,勤誠二,17100000,45,40.48,43.61,42.1631,3
20260210,82103,勤誠三,214700000,190,39.77,43.74,41.371,3
20260210,84041,百和興業一KY,900000,4,12.66,13.92,13.6889,2
20260210,89277,北基七,100000,1,6.57,6.57,6.57,2
20260210,99392,宏全二,200000,1,6.7,6.7,6.7,2
20260211,13166,上曜六,300000,2,9.9,9.9,9.9,1
20260211,14664,聚隆四,300000,1,14.57,14.57,14.57,3
20260211,14722,三洋實業二,3500000,3,6.09,6.48,6.3114,2
20260211,15142,亞力二,2000000,11,33.01,34.49,33.5635,2
20260211,15601,中砂一,2000000,4,49.96,53.06,51.299,2
20260211,15864,和勤四,200000,1,7.47,7.47,7.47,1
20260211,16095,大亞五,500000,3,10.26,11.24,10.456,2
20260211,22331,宇隆一,3500000,12,30.52,32.98,32.2554,3
20260211,22471,汎德永業一,9500000,18,13.65,15.23,14.1223,3
20260211,22472,汎德永業二,6700000,15,15.03,17.11,15.8649,3
20260211,23511,順德一,3600000,6,36.65,38.52,37.5622,3
20260211,23683,金像電三,8600000,20,87.46,94.99,89.5634,3
20260211,23742,佳能二,4600000,9,30.21,31.06,30.3993,3
20260211,24023,毅嘉三,2600000,9,25.14,27.11,25.8346,2
20260211,24361,偉詮電一,15600000,12,19.14,22.8471,21.3128,1
20260211,24394,美律四,1100000,4,6.54,8.09,7.3809,2
20260211,24395,美律五,100000,1,11.26,11.26,11.26,2
20260211,24552,全新二,14000000,31,49.9482,53.99,50.9927,3
20260211,24553,全新三,10400000,29,54.18,60.32,56.5382,3
20260211,24672,志聖二,9600000,10,33.76,35.11,34.2012,2
20260211,24673,志聖三,7800000,12,34.93,36.63,35.3183,2
20260211,24866,一詮六,700000,2,39.28,40.28,39.9943,1
20260211,25483,華固三,10400000,2,8.214,8.399,8.3047,2
20260211,25484,華固四,15500000,3,9.411,10.8,9.4356,2
20260211,26418,正德八,1200000,2,16.21,16.67,16.2867,3
20260211,27271,王品一,400000,2,3.72,4.19,3.955,1
20260211,27324,六角四,5100000,2,11.248,11.44,11.3609,2
20260211,27451,五福一,2000000,1,17.8975,17.8975,17.8975,2
20260211,30061,晶豪科一,2000000,1,86.66,86.66,86.66,1
20260211,30134,晟銘電四,1000000,7,19.81,21.21,20.243,2
20260211,30336,威健六,500000,1,29.23,29.23,29.23,1
20260211,30337,威健七,6000000,2,10.28,11.03,10.53,2
20260211,30371,欣興一,2700000,9,130.13,136.13,132.6926,3
20260211,30454,台灣大四,100000,1,3.69,3.69,3.69,2
20260211,30455,台灣大五,4500000,2,6.12,6.77,6.1922,2
20260211,30882,艾訊二,800000,2,9.59,10.07,9.77,1
20260211,30954,及成四,400000,1,14.94,14.94,14.94,1
20260211,31311,弘塑一,700000,3,27.69,29.15,27.9486,3
20260211,31312,弘塑二,600000,6,30.99,32.65,31.865,3
20260211,31351,凌航一,3000000,1,120.8,120.8,120.8,2
20260211,31672,大量二,200000,1,67.93,67.93,67.93,3
20260211,32608,威剛八,18100000,20,53.24,54.93,53.886,2
20260211,33133,斐成三,100000,1,13.14,13.14,13.14,2
20260211,33245,雙鴻五,10500000,19,66.42,70.38,67.9179,2
20260211,33571,臺慶科一,1200000,4,39.33,42.08,40.3883,1
20260211,33621,先進光一,800000,5,5.41,5.83,5.725,2
20260211,33763,新日興三,700000,4,30.96,31.42,31.2814,2
20260211,33881,崇越電一,500000,2,10.53,10.98,10.62,2
20260211,33902,旭軟二,300000,2,25.8,26.12,25.9067,2
20260211,34793,安勤三,700000,2,8.04,8.26,8.1343,1
20260211,35267,凡甲七,6800000,18,30.82,34.22,32.16,3
20260211,35431,州巧一,2900000,13,26.63,29.02,27.8607,3
20260211,35482,兆利二,300000,2,4.96,5.04,5.0133,1
20260211,35483,兆利三,2200000,2,6.5,6.6,6.5091,2
20260211,35513,世禾三,300000,3,32.44,33.44,33.0733,3
20260211,35832,辛耘二,2900000,14,16.62,17.79,16.9079,1
20260211,35871,閎康一,1300000,9,18.665,19.3167,18.9569,1
20260211,35872,閎康二,387200000,77,35.92,37.71,36.7079,3
20260211,36053,宏致三,400000,1,35.405,35.405,35.405,2
20260211,36804,家登四,1100000,2,22.15,22.52,22.1836,1
20260211,36841,榮昌一,100000,1,24.95,24.95,24.95,2
20260211,36913,碩禾三,5700000,19,12.1,15.82,13.7291,2
20260211,370201,大聯大E1,19100000,12,23.88,27.73,26.7187,3
20260211,37022,大聯大二,1600000,2,6.65,7.16,6.7138,2
20260211,37023,大聯大三,500000,2,8.83,8.88,8.84,2
20260211,37151,定穎投控一,3900000,8,48.27,52.01,48.9349,3
20260211,37171,聯嘉投控一,1000000,1,11.72,11.72,11.72,2
20260211,41295,聯合五,1000000,3,20.92,24.35,23.856,3
20260211,41684,醣聯四,6500000,2,24.33,24.4,24.3354,3
20260211,44163,三圓三,4400000,1,1.87,1.87,1.87,1
20260211,44383,廣越三,400000,2,13.57,13.67,13.645,3
20260211,45491,桓達一,900000,1,8.18,8.18,8.18,2
20260211,45554,氣立四,100000,1,11.61,11.61,11.61,3
20260211,45721,駐龍一,100000,1,9.99,9.99,9.99,1
20260211,47223,國精化三,2000000,12,41.79,44.27,42.877,3
20260211,47393,康普三,700000,3,5.71,5.92,5.8314,1
20260211,47394,康普四,3700000,12,26.72,28.87,28.4,3
20260211,47721,台特化一,1800000,8,30.05,32.03,30.4967,3
20260211,49066,正文六,2800000,6,8.12,8.72,8.2396,1
20260211,49674,十銓四,14300000,32,56.14,58.04,56.8394,3
20260211,50097,榮剛七,1700000,1,0.92,0.92,0.92,1
20260211,52635,智崴五,11700000,8,15.63,16.63,16.3315,2
20260211,53064,桂盟四,1400000,3,3.49,3.75,3.6286,1
20260211,53887,中磊七,3800000,3,5.61,5.98,5.8218,1
20260211,54391,高技一,4100000,11,35.33,38.09,37.4356,3
20260211,54501,南良一,1700000,4,9.61,10.1,9.8694,3
20260211,56086,四維航六,200000,1,3.395,3.395,3.395,1
20260211,56087,四維航七,500000,1,15.39,15.39,15.39,2
20260211,61011,寬魚國際一,5500000,4,14.32,17.8,14.9193,2
20260211,61565,松上五,1500000,2,6.74,7.87,7.1167,2
20260211,61843,大豐電三,500000,1,1.73,1.73,1.73,2
20260211,61875,萬潤五,500000,2,45.7,47.3,46.98,2
20260211,61907,萬泰科七,1000000,3,34.98,35.85,35.388,3
20260211,61965,帆宣五,100000,1,100.11,100.11,100.11,1
20260211,61973,佳必琪三,600000,6,21.8,22.99,22.2883,2
20260211,61993,天品三,2000000,6,21.78,22.57,22.0345,2
20260211,62076,雷科六,300000,2,18.2,18.81,18.4033,2
20260211,62093,今國光三,200000,1,58.51,58.51,58.51,3
20260211,62695,台郡五,700000,2,5.51,6.83,6.4529,2
20260211,62745,台燿五,17500000,23,51.96,54.18,52.9257,3
20260211,62822,康舒二,16000000,24,18.64,20.4414,19.8703,1
20260211,62843,佳邦三,500000,1,19.07,19.07,19.07,1
20260211,64145,樺漢五,23800000,21,7.47,8.74,8.0104,1
20260211,64251,易發一,900000,2,21.71,22.74,22.1678,2
20260211,64422,光聖二,3600000,9,77.16,84.16,80.5336,2
20260211,64423,光聖三,200000,1,83.59,83.59,83.59,2
20260211,65096,聚和六,17000000,23,10.1,16.52,13.1707,1
20260211,65521,易華電一,100000,1,3.92,3.92,3.92,1
20260211,66642,群翊二,6300000,22,27.02,29.63,28.0683,2
20260211,66702,復盛應用二,14600000,6,19.63,21.2,19.767,3
20260211,66722,騰輝電子二KY,18500000,3,18.7,21.5967,21.0703,2
20260211,67152,嘉基二,300000,2,14.67,15.38,14.9067,1
20260211,67531,龍德造船一,3100000,3,32.13,34.9086,33.2332,2
20260211,68301,汎銓一,500000,3,45.14,51.39,50.008,1
20260211,68461,綠茵一,3000000,1,8.96,8.96,8.96,3
20260211,68901,來億一KY,33800000,15,10.7055,13.54,12.624,3
20260211,68902,來億二KY,1600000,3,12.32,16.72,16.2669,3
20260211,69571,裕慶一KY,500000,1,17.53,17.53,17.53,2
20260211,75562,意德士二,100000,1,16.52,16.52,16.52,3
20260211,77131,威力德生醫一,700000,1,7.9671,7.9671,7.9671,2
20260211,80212,尖點二,5700000,27,39.64,42.07,41.11,3
20260211,80914,翔名四,700000,2,25.63,26.81,26.4729,1
20260211,811210,至上十,200000,1,22.37,22.37,22.37,2
20260211,81551,博智一,300000,2,76.28,77.28,76.6133,2
20260211,82102,勤誠二,6400000,21,41.75,43.26,42.3956,3
20260211,82103,勤誠三,18200000,23,41.7,43.58,42.238,3
20260211,84041,百和興業一KY,1100000,2,13.66,18.47,18.0327,2
20260211,84113,福貞三KY,9300000,4,5.24,5.59,5.2551,3
20260211,84312,匯鑽科二,2000000,1,11.55,11.55,11.55,2
20260211,84672,波力二KY,100000,1,12.97,12.97,12.97,2
20260211,98026,鈺齊六KY,400000,3,13.92,14.19,14.0875,1
20260211,99392,宏全二,900000,4,6.6,7.81,7.1856,2
20260223,11011,台泥一永,3500000,3,5.05,5.47,5.2157,2
20260223,15142,亞力二,600000,5,33.4,34.19,33.975,2
20260223,15601,中砂一,400000,3,62.77,65.77,64.02,2
20260223,16095,大亞五,5800000,10,9.95,13.61,11.5026,2
20260223,22331,宇隆一,9600000,32,33.04,36.34,35.0221,3
20260223,22471,汎德永業一,4500000,11,10.88,12.41,11.8509,3
20260223,22472,汎德永業二,2000000,5,13.37,14.1,13.7795,3
20260223,23511,順德一,800000,5,38.44,40.36,38.8913,3
20260223,23683,金像電三,2100000,7,86.91,92.39,89.5814,3
20260223,23742,佳能二,12600000,14,30.8118,31.99,31.0623,3
20260223,24023,毅嘉三,2800000,9,26.04,29.52,27.2836,2
20260223,24361,偉詮電一,9300000,24,22.12,23.82,22.6948,1
20260223,24394,美律四,400000,2,7.92,8.39,8.0375,2
20260223,24395,美律五,700000,2,10.18,12.33,10.4871,2
20260223,24552,全新二,5400000,19,52.86,55.79,54.6248,3
20260223,24553,全新三,3500000,10,55.4467,62.44,58.0903,3
20260223,24672,志聖二,10400000,18,34.95,37,35.7218,2
20260223,24673,志聖三,40200000,23,35.5871,37.62,35.9612,2
20260223,24762,鉅祥二,500000,1,34.71,34.71,34.71,1
20260223,24866,一詮六,900000,1,43.64,43.64,43.64,1
20260223,25483,華固三,1700000,4,8.22,11.33,9.3053,2
20260223,25484,華固四,2100000,4,10.12,11.35,11.2914,2
20260223,27271,王品一,1500000,2,3.88,4.0846,4.0573,1
20260223,27271,王品一,22800000,16,10.05,11.14,10.5487,3
20260223,27324,六角四,12000000,2,10.6566,11.43,11.2367,2
20260223,27431,山富一,500000,2,6.9,7.38,6.996,2
20260223,27451,五福一,3000000,5,18.22,18.53,18.3303,2
20260223,27531,八方雲集一,1500000,2,14.64,14.9,14.7267,3
20260223,27551,揚秦一,200000,1,39.26,39.26,39.26,2
20260223,30134,晟銘電四,1400000,5,20.28,21.19,20.8443,2
20260223,30371,欣興一,500000,3,150.54,153.04,151.796,3
20260223,30454,台灣大四,300000,1,3.81,3.81,3.81,2
20260223,30882,艾訊二,300000,1,9.96,9.96,9.96,1
20260223,31311,弘塑一,2700000,7,28.45,32.54,30.003,3
20260223,31312,弘塑二,3600000,12,33.42,35.09,34.0642,3
20260223,31351,凌航一,2100000,2,114.81,115.71,114.8529,2
20260223,31382,耀登二,9500000,1,41.2316,41.2316,41.2316,2
20260223,31672,大量二,500000,3,74.8,75.3,75,3
20260223,32608,威剛八,13200000,29,53.66,58.39,54.9868,2
20260223,33245,雙鴻五,4200000,15,65.11,72.38,67.8469,2
20260223,33571,臺慶科一,1000000,5,44.47,49.44,47.551,1
20260223,33763,新日興三,1600000,4,32.23,33.33,32.8819,2
20260223,33881,崇越電一,100000,1,10.62,10.62,10.62,2
20260223,33902,旭軟二,300000,3,24.89,26.44,25.7733,2
20260223,34793,安勤三,100000,1,9.44,9.44,9.44,1
20260223,34834,力致四,500000,3,9.42,9.52,9.44,2
20260223,35265,凡甲五,100000,1,80.23,80.23,80.23,1
20260223,35266,凡甲六,300000,2,37.69,45.45,42.8633,1
20260223,35267,凡甲七,5700000,12,31.58,33.16,32.0607,3
20260223,35431,州巧一,1500000,3,29.3,31,30.1967,3
20260223,35482,兆利二,300000,2,4.25,4.33,4.2767,1
20260223,35513,世禾三,2100000,7,32.96,33.24,33.0467,3
20260223,35831,辛耘一,800000,3,17.84,17.94,17.9025,1
20260223,35832,辛耘二,3700000,11,16.92,20.49,19.7268,1
20260223,35871,閎康一,1300000,8,19.06,19.37,19.2115,1
20260223,35872,閎康二,30300000,29,36.04,37.93,36.692,3
20260223,36053,宏致三,500000,1,33.89,33.89,33.89,2
20260223,36173,碩天三,100000,1,12.5,12.5,12.5,3
20260223,36804,家登四,3200000,8,22.42,25.42,24.3331,1
20260223,36841,榮昌一,3300000,2,27.8,29.37,27.8476,2
20260223,36894,湧德四,500000,1,80.31,80.31,80.31,1
20260223,36913,碩禾三,8100000,12,13.0336,15.015,13.843,2
20260223,370201,大聯大E1,38900000,11,24.1738,30.48,24.931,3
20260223,37022,大聯大二,4400000,4,6.58,7.48,6.7257,2
20260223,37083,上緯投控三,900000,4,45.42,48.94,46.4511,1
20260223,37151,定穎投控一,3800000,7,48.41,49.84,49.2863,3
20260223,41135,聯上五,6300000,1,14.26,14.26,14.26,3
20260223,41236,晟德六,3400000,4,26.38,26.75,26.5571,3
20260223,41684,醣聯四,10000000,5,23.59,24.69,23.7043,3
20260223,45491,桓達一,100000,1,7.55,7.55,7.55,2
20260223,45721,駐龍一,1200000,3,8.45,9.83,9.425,1
20260223,47223,國精化三,10500000,8,45.2867,49.83,47.0999,3
20260223,47394,康普四,2900000,15,28.26,29.6,29.0979,3
20260223,47721,台特化一,9900000,21,31.94,34.84,34.041,3
20260223,49066,正文六,200000,1,9.87,9.87,9.87,1
20260223,49674,十銓四,15400000,18,56.7,61.7,59.471,3
20260223,50097,榮剛七,3600000,2,0.67,0.77,0.7422,1
20260223,52011,凱衛一,200000,1,26.12,26.12,26.12,3
20260223,52635,智崴五,4400000,3,16.36,16.56,16.3691,1
20260223,53064,桂盟四,1500000,2,3.07,3.11,3.0833,1
20260223,53097,系統電七,1700000,2,31.91,31.9129,31.9112,2
20260223,53887,中磊七,2900000,7,5.59,6.04,5.7266,1
20260223,54342,崇越二,100000,1,82.2,82.2,82.2,1
20260223,54391,高技一,2100000,5,32.29,34.24,32.7314,3
20260223,54501,南良一,4600000,9,9.05,9.78,9.1917,3
20260223,56086,四維航六,200000,2,2.36,3.02,2.69,1
20260223,56087,四維航七,200000,1,14.15,14.15,14.15,2
20260223,61011,寬魚國際一,900000,4,14.31,16.22,15.3567,2
20260223,61565,松上五,200000,1,6.75,6.75,6.75,2
20260223,61875,萬潤五,2800000,9,53.1,59.77,56.4089,2
20260223,61907,萬泰科七,2800000,7,37.61,39.59,38.6664,3
20260223,61973,佳必琪三,1400000,3,26.78,27.545,27.3729,2
20260223,61993,天品三,6000000,1,22.7,22.7,22.7,2
20260223,62075,雷科五,900000,2,20.48,21.2,20.64,2
20260223,62076,雷科六,100000,1,21.32,21.32,21.32,2
20260223,62093,今國光三,400000,4,61.91,62.44,62.0425,3
20260223,62194,富旺四,9100000,1,12.82,12.82,12.82,3
20260223,62695,台郡五,2100000,3,6.6,7.52,6.9143,2
20260223,62745,台燿五,18100000,24,52.63,55.49,53.9354,3
20260223,62822,康舒二,15400000,27,21.145,23.26,22.2525,1
20260223,62843,佳邦三,800000,5,19.53,20.09,19.6713,1
20260223,629010,良維十,100000,1,163.76,163.76,163.76,2
20260223,64145,樺漢五,13100000,9,7.7,8.89,8.2028,1
20260223,64251,易發一,100000,1,22.7,22.7,22.7,2
20260223,64422,光聖二,2600000,6,85.77,93.06,89.9277,2
20260223,64423,光聖三,2700000,3,87.88,93.68,93.1248,2
20260223,65096,聚和六,24000000,44,10.86,20.46,18.8125,1
20260223,65101,精測一,100000,1,93.19,93.19,93.19,3
20260223,65152,穎崴二,1343400000,324,54.59,65.75,61.1984,3
20260223,65851,鼎基一,800000,1,6.49,6.49,6.49,1
20260223,66642,群翊二,7200000,10,27.24,29.04,28.3726,2
20260223,66702,復盛應用二,13200000,5,20.94,22.35,21.2268,3
20260223,66721,騰輝電子一KY,1400000,1,18.53,18.53,18.53,2
20260223,66722,騰輝電子二KY,4000000,1,19.34,19.34,19.34,2
20260223,67152,嘉基二,100000,1,17.48,17.48,17.48,1
20260223,67531,龍德造船一,400000,3,35.02,38.67,36.3575,2
20260223,67681,志強一KY,900000,3,22.02,23.42,22.3867,2
20260223,68431,進典一,100000,1,6.27,6.27,6.27,2
20260223,68541,錼創科技一KY創,300000,2,5.73,7.73,7.0633,1
20260223,68901,來億一KY,2500000,2,13.08,13.5,13.416,3
20260223,69041,伯鑫一,3600000,1,15.82,15.82,15.82,3
20260223,74022,邑錡二,2900000,1,52.34,52.34,52.34,2
20260223,75562,意德士二,600000,2,16.55,16.56,16.555,3
20260223,77131,威力德生醫一,200000,1,6.93,6.93,6.93,2
20260223,80212,尖點二,30000000,48,42.35,49.65,47.2144,3
20260223,80506,廣積六,200000,1,8.73,8.73,8.73,2
20260223,80914,翔名四,600000,2,30.38,31.48,31.2967,1
20260223,80924,建暐四,2000000,1,25.25,25.25,25.25,2
20260223,811210,至上十,8300000,4,22.21,23.91,23.428,2
20260223,81551,博智一,1600000,5,72.19,79.33,76.2963,2
20260223,82102,勤誠二,8500000,21,33.76,40.22,36.5787,3
20260223,82103,勤誠三,25200000,59,36.31,41.47,37.9259,3
20260223,82551,朋程一,700000,2,4.2,4.54,4.2971,1
20260223,84113,福貞三KY,15900000,3,5.47,5.93,5.8068,3
20260223,98026,鈺齊六KY,1400000,4,14.33,14.55,14.4757,1
20260223,99392,宏全二,9100000,7,7.2,7.84,7.3154,2
20260224,11011,台泥一永,2100000,2,4.9018,5.44,5.1581,2
20260224,15142,亞力二,1600000,8,33.48,34.44,33.7275,2
20260224,15601,中砂一,2300000,5,70.37,79.56,76.9457,2
20260224,15864,和勤四,2700000,3,6.28,6.98,6.44,1
20260224,16095,大亞五,400000,2,12.49,13.31,13.105,2
20260224,22331,宇隆一,2200000,7,30.49,35.28,32.3359,3
20260224,22471,汎德永業一,4100000,8,10.55,11.58,11.1059,3
20260224,22472,汎德永業二,4200000,12,12.45,13.46,12.8064,3
20260224,23683,金像電三,10300000,5,89.88,90.41,90.355,3
20260224,23742,佳能二,24700000,19,30.98,32.4616,31.618,3
20260224,24023,毅嘉三,2000000,10,29.15,30.51,29.893,2
20260224,24361,偉詮電一,6600000,8,22.9,24.31,23.4485,1
20260224,24552,全新二,16900000,42,56.29,59.78,58.0583,3
20260224,24553,全新三,1600000,8,58.81,62.43,61.1244,3
20260224,24642,盟立二,1700000,1,14.12,14.12,14.12,1
20260224,24672,志聖二,8800000,14,34.26,36.7,34.9442,2
20260224,24673,志聖三,23200000,39,34.67,37.81,36.4733,2
20260224,24866,一詮六,400000,2,34.61,36.11,35.36,1
20260224,25483,華固三,2000000,3,8.6075,9.66,8.818,2
20260224,25484,華固四,100000,1,10.96,10.96,10.96,2
20260224,27271,王品一,14800000,21,10.05,11.18,10.5153,3
20260224,27324,六角四,9000000,1,11.25,11.25,11.25,2
20260224,27431,山富一,2500000,1,6.81,6.81,6.81,2
20260224,27531,八方雲集一,1000000,2,14.39,14.7,14.545,3
20260224,27532,八方雲集二,300000,2,16.71,16.88,16.7667,3
20260224,30134,晟銘電四,300000,2,19.48,19.68,19.5467,2
20260224,30371,欣興一,500000,3,166.57,177.04,169.346,3
20260224,30882,艾訊二,300000,3,8.35,8.65,8.55,1
20260224,30954,及成四,900000,3,14.36,15.21,14.73,1
20260224,31311,弘塑一,1600000,4,29.83,30.63,30.4113,3
20260224,31312,弘塑二,2500000,7,33.13,34.53,33.7936,3
20260224,31672,大量二,1000000,2,75.17,77.79,75.694,3
20260224,32071,耀勝一,500000,1,6.01,6.01,6.01,2
20260224,32571,虹冠電一,500000,2,15.42,16.04,15.544,2
20260224,32608,威剛八,21800000,21,51.63,56.61,54.8074,2
20260224,33121,弘憶股一,100000,1,0.13,0.13,0.13,2
20260224,33245,雙鴻五,6500000,28,65.13,70.37,67.818,2
20260224,33571,臺慶科一,700000,2,54.08,54.75,54.1757,1
20260224,33621,先進光一,200000,2,5.87,6.1,5.985,2
20260224,33763,新日興三,400000,2,32.27,32.32,32.2825,2
20260224,33902,旭軟二,400000,4,26.49,26.89,26.645,2
20260224,34793,安勤三,300000,3,8.53,9.23,8.7633,1
20260224,35161,亞帝歐一,300000,2,7.68,7.78,7.7133,2
20260224,35266,凡甲六,2800000,1,42.3321,42.3321,42.3321,1
20260224,35267,凡甲七,10800000,9,29.35,32.49,31.6691,3
20260224,35431,州巧一,1300000,8,33.05,36.28,35.3485,3
20260224,35482,兆利二,500000,4,3.12,4.24,3.784,1
20260224,35483,兆利三,4000000,2,5.93,6.61,6.27,2
20260224,35513,世禾三,600000,3,33.05,33.34,33.16,3
20260224,35831,辛耘一,900000,2,20.88,22.93,22.7022,1
20260224,35832,辛耘二,5400000,11,21.79,23.74,23.0069,1
20260224,35871,閎康一,5000000,19,16.79,19.22,18.6464,1
20260224,35872,閎康二,26400000,14,33.13,36.92,36.2983,3
20260224,36053,宏致三,1200000,1,35.16,35.16,35.16,2
20260224,36173,碩天三,10000000,9,10.39,10.99,10.4984,3
20260224,36804,家登四,1500000,4,24.88,25.37,25.07,1
20260224,36841,榮昌一,8000000,3,32.8,34.31,32.9489,2
20260224,36913,碩禾三,10000000,15,13.0928,16.08,14.0206,2
20260224,370201,大聯大E1,8500000,3,28.1338,30.27,28.4494,3
20260224,37022,大聯大二,3400000,5,7.25,7.4,7.3188,2
20260224,37023,大聯大三,1800000,3,9,10.27,9.525,2
20260224,37083,上緯投控三,900000,5,46.34,50.14,47.1067,1
20260224,37151,定穎投控一,1100000,3,42.47,46.78,44.5173,3
20260224,37171,聯嘉投控一,300000,2,10.97,10.99,10.9767,2
20260224,41236,晟德六,600000,2,29.2,29.225,29.2167,3
20260224,41295,聯合五,1500000,1,23.1,23.1,23.1,3
20260224,41645,承業醫五,100000,1,13.68,13.68,13.68,3
20260224,41684,醣聯四,3700000,2,24.09,24.25,24.2197,3
20260224,44383,廣越三,200000,1,13.6,13.6,13.6,3
20260224,45491,桓達一,400000,1,8.54,8.54,8.54,2
20260224,45554,氣立四,800000,2,11.72,11.82,11.7825,3
20260224,45581,寶緯一,700000,1,7.08,7.08,7.08,3
20260224,45721,駐龍一,1400000,3,9.43,9.55,9.4386,1
20260224,47223,國精化三,4500000,21,47.75,51.17,48.6167,3
20260224,47393,康普三,1700000,7,7.49,7.79,7.7576,1
20260224,47394,康普四,4200000,16,30.5,33.4,31.7836,3
20260224,47721,台特化一,15600000,19,31.9,36.93,35.3071,3
20260224,49066,正文六,2000000,1,8,8,8,1
20260224,49674,十銓四,21400000,11,56.76,62.68,60.481,3
20260224,50097,榮剛七,1000000,1,0.71,0.71,0.71,1
20260224,52011,凱衛一,1000000,1,26.12,26.12,26.12,3
20260224,52635,智崴五,200000,1,17.8,17.8,17.8,1
20260224,53064,桂盟四,500000,1,2.87,2.87,2.87,1
20260224,53887,中磊七,3400000,6,5.71,5.94,5.8044,1
20260224,54342,崇越二,200000,1,86.35,86.35,86.35,1
20260224,54391,高技一,700000,3,33.83,34.47,34.1129,3
20260224,54501,南良一,17500000,16,8.94,9.52,9.0315,3
20260224,56086,四維航六,100000,1,3.04,3.04,3.04,1
20260224,56087,四維航七,300000,2,14.02,15.99,14.6767,2
20260224,61011,寬魚國際一,2400000,3,14.33,15.3583,14.9208,2
20260224,61263,信音三,400000,1,51.15,51.15,51.15,1
20260224,61828,合晶八,100000,1,21.41,21.41,21.41,2
20260224,61875,萬潤五,2100000,5,61.16,71.77,65.901,2
20260224,61907,萬泰科七,1300000,5,38.87,40.73,39.7692,3
20260224,61973,佳必琪三,2700000,6,25.22,26.67,25.6585,2
20260224,62194,富旺四,1300000,1,13.03,13.03,13.03,3
20260224,62695,台郡五,1500000,3,6.8,7.71,7.6467,2
20260224,62745,台燿五,30900000,31,53.6251,61.83,57.2828,3
20260224,62822,康舒二,15300000,41,23.7,26.7,25.8771,1
20260224,62843,佳邦三,700000,6,20.35,22.47,21.35,1
20260224,629010,良維十,200000,1,177.75,177.75,177.75,2
20260224,64145,樺漢五,1800000,4,8.41,8.54,8.4872,1
20260224,64422,光聖二,2800000,4,87.3465,93.05,88.1789,2
20260224,64423,光聖三,500000,3,90.93,95.87,94.882,2
20260224,64693,大樹三,100000,1,7.27,7.27,7.27,3
20260224,65096,聚和六,9200000,20,16.7,18.68,17.4575,1
20260224,65101,精測一,2400000,9,86.89,95.69,88.9733,3
20260224,65152,穎崴二,278100000,113,54.58,57.58,55.8677,3
20260224,65521,易華電一,100000,1,2.84,2.84,2.84,1
20260224,65851,鼎基一,100000,1,5.63,5.63,5.63,1
20260224,66642,群翊二,10500000,15,27.28,28.85,27.8339,2
20260224,66702,復盛應用二,9400000,11,19.06,20.7,19.5326,3
20260224,67152,嘉基二,2000000,4,21.75,24.75,23.412,1
20260224,67531,龍德造船一,3000000,9,37.86,39.795,38.6893,2
20260224,67711,平和環保一創,100000,1,7.06,7.06,7.06,2
20260224,68061,森崴能源一,100000,1,0.01,0.01,0.01,1
20260224,68301,汎銓一,400000,1,59.61,59.61,59.61,1
20260224,68431,進典一,500000,1,6.31,6.31,6.31,2
20260224,68541,錼創科技一KY創,500000,2,7.47,7.72,7.52,1
20260224,68702,騰雲二,500000,1,13.11,13.11,13.11,2
20260224,68901,來億一KY,600000,2,13.89,13.94,13.9317,3
20260224,68902,來億二KY,100000,1,14.28,14.28,14.28,3
20260224,77131,威力德生醫一,1600000,2,7.3066,8.29,7.3681,2
20260224,80212,尖點二,17000000,53,47.28,52.28,50.7824,3
20260224,80282,昇陽半導體二,1000000,1,50.17,50.17,50.17,4
20260224,80914,翔名四,3200000,7,30.3767,31.72,30.8216,1
20260224,80924,建暐四,500000,1,25.22,25.22,25.22,1
20260224,811210,至上十,1700000,3,23.17,24.2,24.0259,2
20260224,81473,正淩三,500000,2,19.85,20.15,20.09,2
20260224,81551,博智一,1500000,2,85.18,86.18,85.38,2
20260224,82102,勤誠二,23700000,55,33.76,35.61,34.6087,3
20260224,82103,勤誠三,21900000,53,34.31,38.62,35.6302,3
20260224,82551,朋程一,3600000,10,3.19,4.455,4.0025,1
20260224,82993,群聯三,2800000000,680,27.97,35.69,29.8119,3
20260224,84041,百和興業一KY,3300000,5,15.95,17.85,17.1321,2
20260224,84113,福貞三KY,2700000,2,5.6652,6.16,5.7385,3
20260224,84222,可寧衛二,200000,1,91.19,91.19,91.19,3
20260224,98026,鈺齊六KY,4600000,10,9.73,14.84,10.5146,1
20260224,99392,宏全二,10300000,8,6.85,7.83,7.3891,2
20260225,11011,台泥一永,1000000,1,5.32,5.32,5.32,2
20260225,13166,上曜六,100000,1,7.54,7.54,7.54,1
20260225,14664,聚隆四,800000,2,14.01,16.73,15.71,3
20260225,14722,三洋實業二,500000,1,5.43,5.43,5.43,2
20260225,15142,亞力二,12000000,33,33.77,40.67,38.3821,2
20260225,15601,中砂一,1200000,4,72.4,75.22,74.4742,2
20260225,16095,大亞五,500000,2,11.35,13.28,12.894,2
20260225,21043,國際中橡三,1200000,1,0.98,0.98,0.98,1
20260225,22283,劍麟三,200000,2,23.83,23.83,23.83,2
20260225,22331,宇隆一,43200000,16,32.0787,34.6,33.7516,3
20260225,22471,汎德永業一,4700000,11,10,10.82,10.3645,3
20260225,22472,汎德永業二,2400000,6,11.87,12.63,12.1496,3
20260225,23511,順德一,200000,2,38.39,38.39,38.39,3
20260225,23683,金像電三,5900000,8,89.81,95.36,90.9595,3
20260225,23742,佳能二,4100000,10,29.24,30.63,29.6483,3
20260225,24023,毅嘉三,1600000,6,28.53,30.5,29.4738,2
20260225,24361,偉詮電一,10100000,6,20.87,22.52,21.9542,1
20260225,24394,美律四,4000000,8,6.33,7.73,6.8525,2
20260225,24552,全新二,7300000,20,57.69,59.72,58.8433,3
20260225,24553,全新三,100000,1,64.81,64.81,64.81,3
20260225,24642,盟立二,6400000,1,16,16,16,1
20260225,24672,志聖二,11700000,23,36.29,40.69,37.2503,2
20260225,24673,志聖三,11500000,32,36.92,41,37.9203,2
20260225,24866,一詮六,300000,1,30.61,30.61,30.61,1
20260225,25283,皇普三,1400000,3,9.32,9.9,9.46,2
20260225,25483,華固三,2000000,3,8.61,9.97,9.061,2
20260225,25484,華固四,700000,1,10.51,10.51,10.51,2
20260225,27271,王品一,400000,1,4.11,4.11,4.11,1
20260225,27271,王品一,8500000,19,9.92,11.08,10.6685,3
20260225,27324,六角四,200000,1,11.25,11.25,11.25,2
20260225,27431,山富一,1100000,1,6.7072,6.7072,6.7072,2
20260225,27451,五福一,600000,2,15.51,16.38,16.235,2
20260225,27531,八方雲集一,2300000,4,14.41,14.88,14.6609,3
20260225,30134,晟銘電四,600000,5,19.61,20.09,19.9433,2
20260225,30337,威健七,6900000,2,9.66,9.75,9.6861,2
20260225,30371,欣興一,600000,4,176.4,181.03,178.345,3
20260225,30454,台灣大四,200000,1,3.2,3.2,3.2,2
20260225,30455,台灣大五,600000,3,6.6,6.6,6.6,2
20260225,30954,及成四,1400000,2,15.25,15.58,15.4621,1
20260225,31311,弘塑一,300000,2,31.28,32.07,31.5433,3
20260225,31312,弘塑二,3000000,13,33.18,35.88,34.4537,3
20260225,31672,大量二,100000,1,81.75,81.75,81.75,3
20260225,32071,耀勝一,500000,1,6.41,6.41,6.41,2
20260225,32571,虹冠電一,300000,1,15.64,15.64,15.64,2
20260225,32608,威剛八,10300000,16,50.62,56.75,52.3243,2
20260225,33055,昇貿五,100000,1,57.42,57.42,57.42,1
20260225,33245,雙鴻五,13300000,33,69.41,81.6,76.4301,2
20260225,33571,臺慶科一,200000,2,56.84,59.07,57.955,1
20260225,33621,先進光一,2100000,5,0.86,5.84,3.021,2
20260225,33763,新日興三,1100000,6,31.42,33.72,32.1864,2
20260225,33881,崇越電一,500000,4,9.83,10.68,10.23,2
20260225,34163,融程電三,1600000,4,30.66,30.8,30.6863,1
20260225,34834,力致四,200000,2,8.62,8.62,8.62,2
20260225,34843,崧騰三,1200000,2,16.3,16.78,16.7,1
20260225,35221,御嵿一,1000000,1,6.35,6.35,6.35,1
20260225,35266,凡甲六,100000,1,54.84,54.84,54.84,1
20260225,35267,凡甲七,12300000,26,31.04,37.42,33.4623,3
20260225,35431,州巧一,3900000,8,41.25,41.97,41.4236,3
20260225,35482,兆利二,400000,2,3.61,3.71,3.685,1
20260225,35483,兆利三,5600000,5,6.03,6.65,6.442,2
20260225,35513,世禾三,1100000,6,36.04,37.18,36.4436,3
20260225,35832,辛耘二,2400000,9,21.89,22.98,22.5242,1
20260225,35871,閎康一,3900000,17,17.28,20.56,18.8336,1
20260225,35872,閎康二,8900000,23,36.65,40.6,38.5092,3
20260225,36173,碩天三,2300000,2,10.29,10.46,10.327,3
20260225,36804,家登四,3900000,5,25.87,28.525,27.5351,1
20260225,36841,榮昌一,2400000,5,33.82,37.37,36.3617,2
20260225,36913,碩禾三,13700000,24,13.93,19.78,17.3547,2
20260225,370201,大聯大E1,13600000,4,26.35,28.75,28.4805,3
20260225,37022,大聯大二,7100000,7,7.98,8.7613,8.3307,2
20260225,37023,大聯大三,2000000,4,9.69,10.86,10.0445,2
20260225,37083,上緯投控三,2300000,7,42.82,47.12,43.3787,1
20260225,37151,定穎投控一,3000000,3,49.74,50.24,49.9067,3
20260225,41237,晟德七,800000,1,7.3575,7.3575,7.3575,1
20260225,41295,聯合五,1800000,3,22.92,23.73,23.0406,3
20260225,41645,承業醫五,500000,1,13.64,13.64,13.64,3
20260225,41684,醣聯四,20800000,5,23.25,25.09,24.8487,3
20260225,44383,廣越三,2500000,2,11.3,12.9,11.62,3
20260225,45491,桓達一,1500000,2,8.01,8.57,8.3833,2
20260225,45554,氣立四,4200000,8,10.83,11.17,10.8914,3
20260225,45581,寶緯一,100000,1,7.72,7.72,7.72,3
20260225,45721,駐龍一,600000,2,9.43,9.49,9.45,1
20260225,47223,國精化三,4800000,19,49.79,57.1,55.0554,3
20260225,47393,康普三,900000,3,7.08,7.34,7.2878,1
20260225,47394,康普四,3700000,17,31.23,33.99,32.7768,3
20260225,47721,台特化一,10000000,27,36.84,38.99,37.9167,3
20260225,49066,正文六,2000000,1,7.16,7.16,7.16,1
20260225,49674,十銓四,10600000,16,55.23,62.95,58.1006,3
20260225,49794,華星光四,400000,2,104.8,108.47,105.7175,1
20260225,52635,智崴五,4700000,1,17.6,17.6,17.6,1
20260225,53064,桂盟四,300000,1,2.77,2.77,2.77,1
20260225,53096,系統電六,500000,1,25.1,25.1,25.1,3
20260225,53097,系統電七,2000000,2,31.62,31.71,31.665,2
20260225,53887,中磊七,6600000,7,4.25,5.63,5.27,1
20260225,54391,高技一,700000,3,30.89,33.02,32.0214,3
20260225,54501,南良一,6100000,12,9.09,11.01,9.4711,3
20260225,56086,四維航六,100000,1,3.04,3.04,3.04,1
20260225,56087,四維航七,500000,1,15.9,15.9,15.9,2
20260225,61011,寬魚國際一,1900000,2,13.24,13.49,13.4242,2
20260225,61263,信音三,800000,2,51.1,51.1,51.1,1
20260225,61875,萬潤五,1500000,4,78.49,84.76,79.5867,2
20260225,61973,佳必琪三,2100000,6,26.91,27.41,27.2457,2
20260225,61993,天品三,100000,1,22.49,22.49,22.49,2
20260225,62093,今國光三,200000,1,77.88,77.88,77.88,3
20260225,62194,富旺四,10500000,3,13.81,19.1,18.8079,3
20260225,62745,台燿五,15100000,20,60.55,64.14,61.8835,3
20260225,62822,康舒二,33400000,17,20.8494,25.06,21.7163,1
20260225,62843,佳邦三,400000,4,20.63,22.41,21.3775,1
20260225,64145,樺漢五,7800000,5,9.27,10.04,9.6563,1
20260225,64422,光聖二,5200000,3,85.78,87.72,86.2723,2
20260225,64423,光聖三,600000,4,93.13,95.44,93.8,2
20260225,64693,大樹三,100000,1,10.59,10.59,10.59,3
20260225,65096,聚和六,5300000,11,18.94,19.94,19.2096,1
20260225,65101,精測一,3400000,9,94.18,100.66,98.065,3
20260225,65152,穎崴二,121700000,67,55.65,58.56,56.0655,3
20260225,65521,易華電一,300000,2,2.01,2.33,2.1167,1
20260225,65841,南俊國際一,100000,1,150.92,150.92,150.92,1
20260225,65851,鼎基一,2200000,2,3.62,4.11,3.6645,1
20260225,66642,群翊二,1100000,5,28.83,29.66,29.0136,2
20260225,66702,復盛應用二,700000,3,19.65,20.21,19.78,3
20260225,66721,騰輝電子一KY,6100000,3,15.17,17.91,17.8651,2
20260225,67152,嘉基二,2500000,4,22.73,24.26,24.0496,1
20260225,67531,龍德造船一,500000,3,36.11,38.26,36.79,2
20260225,67711,平和環保一創,1000000,1,6.86,6.86,6.86,2
20260225,68211,聯寶一,2000000,1,7.71,7.71,7.71,2
20260225,68301,汎銓一,500000,1,74.46,74.46,74.46,1
20260225,68541,錼創科技一KY創,300000,2,7.72,7.72,7.72,1
20260225,68702,騰雲二,1100000,1,11,11,11,2
20260225,68902,來億二KY,100000,1,12.73,12.73,12.73,3
20260225,80212,尖點二,9500000,30,41.4079,58.27,49.8031,3
20260225,80282,昇陽半導體二,1000000,1,51.4,51.4,51.4,4
20260225,80426,金山電六,3500000,1,28.88,28.88,28.88,2
20260225,80506,廣積六,100000,1,9.02,9.02,9.02,2
20260225,80914,翔名四,700000,4,29.17,32.46,31.1057,1
20260225,80924,建暐四,71600000,9,9.7,25.22,15.2469,1
20260225,811210,至上十,100000,1,21.48,21.48,21.48,2
20260225,81473,正淩三,200000,1,22.12,22.12,22.12,2
20260225,81551,博智一,500000,4,78.18,81.31,79.506,2
20260225,82102,勤誠二,6700000,31,35.01,36.9,35.6652,3
20260225,82103,勤誠三,75000000,47,35.61,42.8175,36.936,3
20260225,82551,朋程一,1600000,3,3.16,3.73,3.4819,1
20260225,82993,群聯三,823700000,369,31.6,34.87,33.0077,3
20260225,84041,百和興業一KY,300000,1,15.76,15.76,15.76,2
20260225,84113,福貞三KY,7300000,3,5.33,6.11,5.7703,3
20260225,98026,鈺齊六KY,2000000,8,10.76,11.65,11.235,1
20260225,99392,宏全二,3300000,7,7.07,7.62,7.3061,2
20260226,11011,台泥一永,1900000,2,4.8831,5.11,5.0025,2
20260226,14664,聚隆四,1100000,4,16.63,19.43,17.5,3
20260226,14722,三洋實業二,200000,1,6.38,6.38,6.38,2
20260226,15142,亞力二,3500000,18,35.42,39.36,38.1697,2
20260226,15601,中砂一,200000,2,87.75,88.75,88.25,2
20260226,16095,大亞五,1600000,8,11.19,13.23,12.115,2
20260226,22283,劍麟三,800000,3,23.23,24.82,23.6263,2
20260226,22331,宇隆一,4500000,16,33.9,36.53,34.7702,3
20260226,22471,汎德永業一,11100000,16,9.86,11.3858,10.7667,3
20260226,22472,汎德永業二,900000,4,12.34,12.75,12.61,3
20260226,23683,金像電三,23200000,15,86.3,92.32,87.0409,3
20260226,23742,佳能二,8600000,15,29.25,32.07,30.5493,3
20260226,24023,毅嘉三,7400000,27,28.36,32.19,31.2886,2
20260226,24361,偉詮電一,14400000,10,23.87,27.53,26.099,1
20260226,24394,美律四,4100000,10,5.68,6.92,6.3563,2
20260226,24395,美律五,1000000,6,7.89,8.3,8.011,2
20260226,24552,全新二,56700000,34,53.0012,68.76,63.7788,3
20260226,24553,全新三,11200000,9,63.75,79.4667,73.7954,3
20260226,24672,志聖二,20500000,34,40.285,47.38,44.3758,2
20260226,24673,志聖三,26900000,67,40.78,48.49,45.9211,2
20260226,24866,一詮六,100000,1,30.55,30.55,30.55,1
20260226,25283,皇普三,1600000,3,10.4,10.89,10.5525,2
20260226,25483,華固三,6300000,2,8.69,9.36,8.7219,2
20260226,27271,王品一,200000,1,4.46,4.46,4.46,1
20260226,27271,王品一,34900000,19,10.3,11.36,10.8119,3
20260226,27431,山富一,700000,1,7.06,7.06,7.06,2
20260226,27451,五福一,200000,1,15.67,15.67,15.67,2
20260226,27531,八方雲集一,7700000,8,12.79,14.78,13.9045,3
20260226,27532,八方雲集二,100000,1,16.2,16.2,16.2,3
20260226,27551,揚秦一,5600000,4,48.71,62.5846,55.2648,2
20260226,30061,晶豪科一,600000,2,87.53,87.53,87.53,1
20260226,30337,威健七,4600000,1,9.88,9.88,9.88,2
20260226,30371,欣興一,400000,2,174.39,185.02,177.0475,3
20260226,30454,台灣大四,5500000,6,3.0563,3.54,3.2289,2
20260226,30455,台灣大五,13000000,1,6.1046,6.1046,6.1046,2
20260226,30882,艾訊二,100000,1,9.43,9.43,9.43,1
20260226,31311,弘塑一,10800000,28,30.9774,38.435,35.4084,3
20260226,31312,弘塑二,16000000,16,35.4,41.17,36.7198,3
20260226,31351,凌航一,12400000,6,112.65,131.95,123.8988,2
20260226,31672,大量二,100000,1,85.74,85.74,85.74,3
20260226,31882,鑫龍騰二,5000000,1,4.931,4.931,4.931,2
20260226,32571,虹冠電一,100000,1,16.52,16.52,16.52,2
20260226,32608,威剛八,15500000,18,48.61,50.47,49.0101,2
20260226,33055,昇貿五,200000,1,68.41,68.41,68.41,1
20260226,33245,雙鴻五,13900000,25,69.06,77.76,71.9745,2
20260226,33571,臺慶科一,200000,2,69.98,71.06,70.52,1
20260226,33621,先進光一,100000,1,4.44,4.44,4.44,2
20260226,33763,新日興三,600000,5,33.79,34.36,34.075,2
20260226,33881,崇越電一,1000000,5,10.73,12.07,10.991,2
20260226,33902,旭軟二,300000,3,28.61,28.87,28.7033,2
20260226,34163,融程電三,100000,1,31.17,31.17,31.17,1
20260226,34793,安勤三,1600000,4,8.72,9.97,9.4638,1
20260226,34834,力致四,200000,2,9.11,9.61,9.36,2
20260226,34843,崧騰三,200000,1,16.65,16.65,16.65,1
20260226,35267,凡甲七,1800000,4,32.93,33.56,33.1411,3
20260226,35431,州巧一,9100000,7,30.09,45.59,43.3841,3
20260226,35482,兆利二,900000,2,3.4538,4.15,3.5311,1
20260226,35483,兆利三,3000000,4,6.7,7.01,6.9067,2
20260226,35513,世禾三,4100000,3,36,39.12,36.1893,3
20260226,35831,辛耘一,400000,3,21.84,21.89,21.8725,1
20260226,35832,辛耘二,13600000,28,21.71,25.83,24.42,1
20260226,35871,閎康一,10400000,25,18.28,21,19.9886,1
20260226,35872,閎康二,14300000,26,37.1,42.06,40.2071,3
20260226,36053,宏致三,1700000,2,34.86,35.88,35.16,2
20260226,36173,碩天三,5300000,3,10.2,10.45,10.2472,3
20260226,36804,家登四,1700000,5,30.59,31.89,31.2135,1
20260226,36841,榮昌一,1500000,3,35.61,36.51,36.01,2
20260226,36913,碩禾三,26800000,31,14.58,24.3655,18.0931,2
20260226,370201,大聯大E1,53200000,6,28.4863,31.66,29.6005,3
20260226,37022,大聯大二,8700000,8,8.53,9.08,8.86,2
20260226,37023,大聯大三,1500000,4,10.5433,11.19,10.7073,2
20260226,37083,上緯投控三,1100000,2,45.3,46.58,46.4636,1
20260226,37151,定穎投控一,3000000,5,49.55,53.29,52.6967,3
20260226,37171,聯嘉投控一,600000,2,11.18,11.18,11.18,2
20260226,41236,晟德六,16500000,1,28.8842,28.8842,28.8842,3
20260226,41295,聯合五,4200000,7,21.48,23.62,23.0195,3
20260226,41645,承業醫五,600000,2,13.62,13.67,13.6283,3
20260226,41684,醣聯四,1200000,5,22.84,24.525,23.8608,3
20260226,44163,三圓三,300000,1,1.61,1.61,1.61,1
20260226,44383,廣越三,1300000,2,11.75,11.99,11.8423,3
20260226,45554,氣立四,2700000,4,10.77,11.06,10.7896,3
20260226,45721,駐龍一,3300000,4,9.4,10.2,9.6167,1
20260226,47223,國精化三,14900000,20,54.5868,62.7923,56.8746,3
20260226,47393,康普三,1400000,4,7.51,7.78,7.7607,1
20260226,47394,康普四,11600000,14,32.42,35.18,33.3701,3
20260226,47721,台特化一,17100000,24,33.77,42.26,38.9396,3
20260226,49674,十銓四,44100000,63,51.11,53.45,52.0148,3
20260226,52303,雷笛克光學三,2200000,1,5.77,5.77,5.77,1
20260226,52635,智崴五,1100000,1,15.31,15.31,15.31,1
20260226,53064,桂盟四,500000,1,2.91,2.91,2.91,1
20260226,53096,系統電六,4000000,1,29.95,29.95,29.95,3
20260226,53097,系統電七,5100000,4,31.69,35.4353,34.1282,2
20260226,53887,中磊七,2800000,7,5.32,6.02,5.5611,1
20260226,54342,崇越二,1000000,1,91.82,91.82,91.82,1
20260226,54391,高技一,1900000,4,31.68,32.81,32.4642,3
20260226,54501,南良一,16500000,16,8.61,9.86,9.2241,3
20260226,56086,四維航六,600000,4,2.35,3.03,2.8067,1
20260226,56087,四維航七,1400000,1,18.3064,18.3064,18.3064,2
20260226,61011,寬魚國際一,500000,2,13.23,13.54,13.416,2
20260226,61263,信音三,200000,1,47.49,47.49,47.49,1
20260226,61875,萬潤五,600000,2,56.84,87.75,61.9917,2
20260226,61907,萬泰科七,1600000,1,40.27,40.27,40.27,3
20260226,61973,佳必琪三,3900000,15,27.9,30.7,29.2164,2
20260226,61993,天品三,600000,1,21.8,21.8,21.8,2
20260226,62075,雷科五,6700000,6,20.52,22.2533,21.396,2
20260226,62194,富旺四,4200000,1,19.8,19.8,19.8,3
20260226,62745,台燿五,20300000,57,56.1,64.65,58.3789,3
20260226,62822,康舒二,88200000,21,24.36,26.01,25.3906,1
20260226,62843,佳邦三,6500000,17,20.02,24.46,22.0245,1
20260226,64145,樺漢五,3800000,2,10.25,10.28,10.2761,1
20260226,64251,易發一,500000,2,28.56,29.06,28.66,2
20260226,64422,光聖二,2300000,9,92.72,107.72,99.9778,2
20260226,64423,光聖三,4700000,4,96.37,108.89,102.7962,2
20260226,64512,訊芯二KY,1200000,1,10.53,10.53,10.53,2
20260226,64693,大樹三,400000,1,9.62,9.62,9.62,3
20260226,65096,聚和六,10800000,13,18.9078,20.4567,19.1584,1
20260226,65101,精測一,24300000,10,90.17,92.51,90.6099,3
20260226,65152,穎崴二,45600000,58,55.54,59.55,57.8335,3
20260226,65851,鼎基一,1500000,2,3.56,4.42,3.8467,1
20260226,66642,群翊二,900000,4,30.01,31.65,31.0778,2
20260226,66702,復盛應用二,3700000,7,19.5,20.44,19.8522,3
20260226,66722,騰輝電子二KY,4000000,1,22.0775,22.0775,22.0775,2
20260226,67152,嘉基二,1100000,1,22.9191,22.9191,22.9191,1
20260226,67531,龍德造船一,1100000,3,34,35.7,35.3182,2
20260226,68211,聯寶一,1900000,1,6.2,6.2,6.2,2
20260226,68401,東研信超一,200000,1,9.81,9.81,9.81,2
20260226,68541,錼創科技一KY創,1400000,4,5.71,8.71,6.985,1
20260226,68702,騰雲二,100000,1,10.99,10.99,10.99,2
20260226,68901,來億一KY,19100000,5,11.94,14.575,12.7632,3
20260226,75562,意德士二,1600000,2,20.93,21.58,21.3363,3
20260226,77131,威力德生醫一,1500000,1,6.99,6.99,6.99,2
20260226,80212,尖點二,14700000,16,54.27,57.0026,55.6628,3
20260226,80506,廣積六,100000,1,8.98,8.98,8.98,2
20260226,80914,翔名四,900000,2,30.15,31.05,30.75,1
20260226,811210,至上十,6100000,3,21.76,22.4786,22.131,2
20260226,81551,博智一,400000,1,80.7,80.7,80.7,2
20260226,82102,勤誠二,7500000,21,33.97,36.6,35.3407,3
20260226,82103,勤誠三,25300000,29,35.65,37.77,36.5965,3
20260226,82551,朋程一,300000,2,5.41,5.56,5.46,1
20260226,82993,群聯三,336700000,328,28.3,34.39,31.6434,3
20260226,84113,福貞三KY,2900000,2,5.0226,5.17,5.0734,3
20260226,98026,鈺齊六KY,1400000,7,10.32,13.38,11.5086,1
20260226,99392,宏全二,3300000,7,6.98,7.72,7.2939,2
